Unidade;Disciplina;Código da disciplina;Turma;Quantidade de alunos;Dia da semana;Horário de início;Horário de término;Data de início;Data de término
MUSICA;3º SEMINÁRIO INTERN. EDUCAÇÃO MUSICAL: PRÁTICAS PEDAGÓFICAS KODALY;-;-;30;Quarta;13:00;17:00;1/07/2016;11/07/2016
FAFICH;ABORDAGENS TEMÁTICAS EM SOCIOLOGIA Y;-;-;63;Segunda;13:30;17:10;1/07/2016;11/07/2016
ECI;ACESSO A FONTES INFOR. MEIO DIGITAL;-;-;55;Sexta;19:00;22:30;01/04/2016;31/05/2016
ENG;ACIONAMENTOS ELÉTRICOS;-;-;42;Segunda;09:25;11:05;1/07/2016
FACE;ADMIINISTRAÇÃO E INSTRUMENTOS GERENCIAIS;-;-;50;Quarta;13:30;17:10;1/07/2016;11/07/2016
FACE;ADMIINISTRAÇÃO FINANCEIRA I;-;-;90;Quarta;19:00;20:40;1/07/2016;11/07/2016
FACE;ADMIINISTRAÇÃO FINANCEIRA I;-;-;90;Sexta;19:00;22:30;1/07/2016;11/07/2016
FACE;ADMINISTRAÇÃO FINANCEIRA I;-;-;100;Quarta;07:30;09:10;1/07/2016;11/07/2016
FACE;ADMINISTRAÇÃO FINANCEIRA I;-;-;100;Segunda;07:30;11:00;1/07/2016;11/07/2016
ECI;ADMINISTRAÇÃO: TGA;-;-;45;Quinta;14:00;17:40;1/07/2016;11/07/2016
ECI;ADMINISTRAÇÃO: TGA;-;-;50;Quarta;19:00;22:30;1/07/2016;11/07/2016
FAFICH;AEC I;-;A - PRÁTICA;105;Quarta;13:00;16:30;1/07/2016;11/07/2016
FAFICH;AEC II;-;-;105;Quinta;13:00;16:30;1/07/2016;11/07/2016
EBA;AEDS I;-;-;30;Sexta;18:30;22:30;1/07/2016;11/07/2016
IGC;AMÉRICA LATINA;GEO277;U;40;Terca;13:30;17:30;1/07/2016;07/11/2016
ECI;ANÁLISE DE ASSUNTO;-;-;45;Segunda;07:30;11:10;1/07/2016;11/07/2016
FACE;ANÁLISE DE BALANÇOS;-;-;90;Segunda;07:30;09:10;1/07/2016;11/07/2016
FACE;ANÁLISE DE BALANÇOS;-;-;90;Sexta;07:30;09:10;1/07/2016;11/07/2016
ENG;ANÁLISE DE SISTEMAS DINÂMICOS LINEARES;-;-;42;Quinta;09:25;11:05;1/07/2016;11/07/2016
ENG;ANÁLISE DE SISTEMAS DINÂMICOS LINEARES;-;-;42;Terca;09:25;11:05;1/07/2016;11/07/2016
FAFICH;ANÁLISE EXP. DO COMP. II;-;A;105;Quinta;09:20;11:00;1/07/2016;11/07/2016
FAFICH;ANÁLISE EXPERIMENTAL DO COMPORTAMENTO I;-;A/B;105;Quarta;09:20;11:00;1/07/2016;11/07/2016
FACE;ANÁLISE MACROECONÔMICA II;-;-;100;Quinta;20:50;22:30;1/07/2016;11/07/2016
FACE;ANÁLISE MACROECONÔMICA II;-;-;100;Segunda;19:00;20:40;1/07/2016;11/07/2016
FAFICH;ANÁLISE SÓCIOAMBIENTAL;INU009;-;30;Quarta;20:50;22:30;1/07/2016;11/07/2016
FAFICH;ANÁLISE SÓCIOAMBIENTAL;INU009;-;30;Segunda;20:50;20:30;1/07/2016;11/07/2016
ICB;ANATOMIA COMPARADA;ICB036;-;25;Terca;10:00;12:30;1/07/2016;11/07/2016
FAFICH;ANTROPOLOGIA - ESTUDOS TEMÁTICOS DE LINGUÍSTICA TEÓRICA E DESCRITIVA;-;-;30;Quinta;20:50;22:30;1/07/2016;11/07/2016
FAFICH;ANTROPOLOGIA - ESTUDOS TEMÁTICOS DE LINGUÍSTICA TEÓRICA E DESCRITIVA;-;-;30;Terca;20:50;22:30;1/07/2016;11/07/2016
FAFICH;ANTROPOLOGIA CULTURAL;-;-;90;Sexta;13:30;17:30;1/07/2016;11/07/2016
FAFICH;ANTROPOLOGIA CULTURAL;-;-;105;Quarta;09:20;11:00;1/07/2016;11/07/2016
FAFICH;ANTROPOLOGIA CULTURAL;-;-;105;Sexta;09:20;11:00;1/07/2016;11/07/2016
ENG;APROVEITAMENTO DE RESÍD. CONSTR. CIVIL;EMC032;U;25;Segunda;09:25;12:00;1/07/2016;11/07/2016
ECI;ARQUIVOS PERMANENTES;-;-;40;Sexta;19:00;22:30;1/07/2016;11/07/2016
EBA;ARTE E MÍDIA I;-;-;30;Segunda;18:30;22:00;1/07/2016;11/07/2016
EBA;ARTES VISUAIS I;-;-;30;Quarta;08:00;11:30;1/07/2016;11/07/2016
EBA;ARTES VISUAIS I;-;-;30;Quarta;08:00;12:00;1/07/2016;11/07/2016
EBA;ARTES VISUAIS II;-;-;30;Sexta;08:30;12:00;1/07/2016;11/07/2016
EBA;ARTES VISUAIS NO BRASIL I;-;-;30;Terca;08:00;11:30;1/07/2016;11/07/2016
EBA;ARTES VISUAIS NO BRASIL II;-;-;30;Quinta;13:30;17:00;1/07/2016;11/07/2016
EBA;ATELIÊ DE CRIAÇÃO;-;-;30;Segunda;19:00;22:30;1/07/2016;11/07/2016
EBA;ATELIÊ: CINEMA DE ANIMAÇÃO I;-;-;30;Sexta;18:30;22:00;1/07/2016;11/07/2016
EBA;ATELIÊ: CINEMA DE ANIMAÇÃO I;-;-;30;Terca;18:30;22:00;1/07/2016;11/07/2016
FAFICH;AULAS PRÁTICAS INTEGRADAS DE CAMPO B INU010 PA;INU010;N;70;Sexta;19:00;22:30;1/07/2016;11/07/2016
EBA;AUTORES E ESTILOS CINEMATOGRÁFICOS;-;-;30;Sexta;08:00;12:00;1/07/2016;11/07/2016
FAFICH;AVALIAÇÃO DE POLÍTICAS PÚBLICAS;-;-;30;Sexta;19:00;20:40;1/07/2016;11/07/2016
FAFICH;AVALIAÇÃO DE POLÍTICAS PÚBLICAS;-;-;30;Terca;20:50;22:30;1/07/2016;11/07/2016
ECI;BIBLIOTECAS, ARQUIVOS E MUSEUS DIGITAIS;-;-;40;Quinta;19:00;22:30;1/07/2016;11/07/2016
ECI;BIBLIOTECAS, ARQUIVOS E MUSEUS DIGITAIS;-;-;55;Segunda;19:00;22:30;1/07/2016;11/07/2016
IGC;BIOGEOGRAFIA;GEO207;NB;47;Quinta;19:00;22:30;1/07/2016;11/07/2016
ICEX;CÁLCULO DE VÁRIAS VARIÁVEIS;-;TA;65;Quarta;07:30;09:10;1/07/2016;11/07/2016
ICEX;CÁLCULO DE VÁRIAS VARIÁVEIS;-;TA;65;Segunda;07:30;09:10;1/07/2016;11/07/2016
ICEX;CÁLCULO DIFERENCIAL E INTEGRAL II;-;TA2;60;Quarta;07:30;09:10;1/07/2016;11/07/2016
ICEX;CÁLCULO DIFERENCIAL E INTEGRAL II;-;TA2;60;Segunda;07:30;09:10;1/07/2016;11/07/2016
IGC;CARTOGRAFIA E TOPOGRAFIA;CRT003;A;45;Sexta;08:00;12:30;1/07/2016;11/07/2016
ECI;CATALOGAÇÃO DESCRITIVA;-;-;50;Sexta;14:00;17:40;1/07/2016;11/07/2016
ECI;CATALOGAÇÃO DESCRITIVA;-;-;55;Segunda;19:00;22:30;1/07/2016;11/07/2016
FALE;CHINÊS BÁSICO I;-;A;40;Quarta;14:30;16:30;1/07/2016;11/07/2016
FALE;CHINÊS BÁSICO I;-;A;40;Segunda;14:30;16:30;1/07/2016;11/07/2016
FALE;CHINÊS BÁSICO I;-;B;40;Quinta;11:50;13:20;1/07/2016;11/07/2016
FALE;CHINÊS BÁSICO I;-;B;40;Terca;11:50;13:20;1/07/2016;11/07/2016
ENG;CIÊNCIA DOS MATERIAIS;EQM057;N;50;Quinta;07:30;09:10;1/07/2016;11/07/2016
ENG;CIÊNCIA DOS MATERIAIS;EQM057;N;50;Terca;09:25;11:05;1/07/2016;11/07/2016
ENG;CIRCUITOS ELÉTRICOS PARA CONTROLE E AUTOMAÇÃO;ELE019;A;62;Terca;09:25;11:55;1/07/2016;11/07/2016
IGC;CLIMATOLOGIA;GEO608;NA;50;Segunda;19:00;22:30;1/07/2016;11/07/2016
IGC;CLIMATOLOGIA;GEO608;NB;50;Quinta;19:00;22:30;1/07/2016;11/07/2016
ECI;COMPETÊNCIA INFORMACIONAL;-;-;40;Segunda;19:00;22:30;1/07/2016;31/03/2016
ECI;COMPETÊNCIA INFORMACIONAL;-;-;55;Terca;19:00;22:30;01/04/2016;31/05/2016
FAFICH;COMUNICAÇÃO E CULTURA;-;-;63;Quinta;07:30;11:10;1/07/2016;11/07/2016
FAFICH;COMUNICAÇÃO E CULTURA;-;-;63;Segunda;13:30;17:10;1/07/2016;11/07/2016
FAFICH;COMUNICAÇÃO E CULTURA;-;NX;63;Quarta;19:00;22:30;1/07/2016;11/07/2016
FAFICH;COMUNICAÇÃO E MOVIMENTOS SOCIAIS;-;A;63;Sexta;07:30;11:10;1/07/2016;11/07/2016
EBA;CONCEITOS, MATERIAIS E PROCESSOS DO DESIGN DE MODA;-;-;30;Quinta;14:00;17:00;1/07/2016;11/07/2016
EBA;CONCEITOS, MATERIAIS E PROCESSOS DO DESIGN MODA;-;-;30;Quinta;19:00;22:30;1/07/2016;11/07/2016
FACE;CONTABILIDADE IV;-;-;90;Quarta;20:50;22:30;1/07/2016;11/07/2016
FACE;CONTABILIDADE IV;-;-;90;Segunda;19:00;20:40;1/07/2016;11/07/2016
ENG;CONTROLE DE SISTEMAS LIENARES;-;A1;30;Quinta;07:30;09:10;1/07/2016;11/07/2016
ENG;CONTROLE DE SISTEMAS LIENARES;-;A1;30;Terca;07:30;09:10;1/07/2016;11/07/2016
EBA;CRÍTICA DAS ARTES VISUAIS;-;-;30;Terca;08:30;12:00;1/07/2016;11/07/2016
ECI;CULTURA E INFORMAÇÃO;-;-;45;Terca;14:00;17:40;1/07/2016;11/07/2016
ECI;CULTURA E INFORMAÇÃO;-;-;52;Sexta;19:00;22:30;1/07/2016;11/07/2016
ECI;CULTURA E INFORMAÇÃO;-;-;57;Sexta;19:00;22:30;1/07/2016;11/07/2016
ENG;DESDOBRAMENTO DA FUNÇÃO QUALIDADE;-;P;30;Quarta;09:30;11:30;1/07/2016;11/07/2016
ENG;DESDOBRAMENTO DA FUNÇÃO QUALIDADE;-;P;30;Sexta;09:30;11:30;1/07/2016;11/07/2016
ENG;DESENHO;EMN011;L;35;Terca;13:00;15:30;1/07/2016;11/07/2016
ENG;DESENHO E MAPA DE MINA;EMN012;L;35;Terca;13:00;15:30;1/07/2016;11/07/2016
EBA;DESENHO TÉCNICO DE MODA;-;-;25;Terca;19:00;22:30;1/07/2016;11/07/2016
EBA;DESIGN SONORO II;-;-;30;Quarta;18:30;22:30;1/07/2016;11/07/2016
EBA;DESIGN SONORO II;-;-;30;Segunda;18:30;22:30;1/07/2016;11/07/2016
FAE;DIDÁTICA DA LICENCIATURA;MTE101;A;40;Quarta;07:00;11:00;1/07/2016;11/07/2016
FAE;DIDÁTICA DA LICENCIATURA;MTE101;K;40;Quinta;19:00;22:30;1/07/2016;11/07/2016
FAFICH;Disciplina ênfase Social;-;G3;30;Quinta;13:00;16:30;1/07/2016;11/07/2016
ENG;DISP. E CIRC. ELETRÔNICOS BÁSICOS;-;-;63;Quinta;09:25;11:05;1/07/2016;11/07/2016
ENG;DISP. E CIRC. ELETRÔNICOS BÁSICOS;-;-;63;Terca;09:25;11:05;1/07/2016;11/07/2016
ENG;DISP. E CIRC. ELETRÔNICOS BÁSICOS;-;B;30;Quinta;09:30;11:30;1/07/2016;11/07/2016
ENG;DISP. E CIRC. ELETRÔNICOS BÁSICOS;-;B;30;Terca;09:30;11:30;1/07/2016;11/07/2016
FAE;ECONOMETRIA I;-;-;30;Quarta;19:00;20:40;1/07/2016;11/07/2016
FAFICH;ECONOMETRIA I;-;-;30;Sexta;20:50;22:30;1/07/2016;11/07/2016
FACE;ECONOMIA AI;-;-;70;Quarta;19:00;20:40;1/07/2016;11/07/2016
FACE;ECONOMIA AI;-;-;70;Segunda;19:00;20:40;1/07/2016;11/07/2016
FACE;ECONOMIA AI;-;-;70;Sexta;13:30;17:10;1/07/2016;11/07/2016
FACE;ECONOMIA AI;-;-;100;Quinta;09:30;11:10;1/07/2016;11/07/2016
FACE;ECONOMIA AI;-;-;100;Quinta;20:50;22:30;1/07/2016;11/07/2016
FACE;ECONOMIA AI;-;-;100;Sexta;07:30;11:10;1/07/2016;11/07/2016
FACE;ECONOMIA AI;-;-;100;Terca;09:30;11:10;1/07/2016;11/07/2016
FACE;ECONOMIA AI;-;-;100;Terca;20:50;22:30;1/07/2016;11/07/2016
FACE;ECONOMIA AI;-;X;90;Quarta;09:20;11:00;1/07/2016;11/07/2016
FACE;ECONOMIA AI;-;X;100;Segunda;09:20;11:00;1/07/2016;11/07/2016
FACE;ECONOMIA AI;-;Z;30;Quinta;19:00;20:40;1/07/2016;11/07/2016
FACE;ECONOMIA AI;-;Z;30;Terca;19:00;20:40;1/07/2016;11/07/2016
FAFICH;ECONOMIA E ECOLOGIA;ECN073;-;30;Segunda;21:00;22:40;1/07/2016;11/07/2016
FAFICH;ECONOMIA E ECOLOGIA;ECN074;-;30;Quarta;21:00;22:40;1/07/2016;11/07/2016
FACE;ECONOMIA INTERNACIONAL;-;-;100;Quarta;20:50;22:30;1/07/2016;11/07/2016
FACE;ECONOMIA INTERNACIONAL;-;-;100;Segunda;20:50;22:30;1/07/2016;11/07/2016
FACE;ECONOMIA MATEMÁTICA;-;-;100;Sexta;09:30;11:00;1/07/2016;11/07/2016
ENG;ELEMENTOS DE MÁQUINAS;-;-;30;Quinta;14:50;17:10;1/07/2016;11/07/2016
ENG;ELEMENTOS DE MÁQUINAS;-;-;30;Terca;14:50;17:10;1/07/2016;11/07/2016
ENG;ELEMENTOS DE MÁQUINAS;-;EA;42;Quinta;14:55;16:35;1/07/2016;11/07/2016
ENG;ELEMENTOS DE MÁQUINAS;-;EA;42;Terca;14:55;16:35;1/07/2016;11/07/2016
FACE;EMPREENDEDORISMO;-;-;90;Quinta;19:00;22:30;1/07/2016;11/07/2016
ENG;ENGENHARIA QUÍMICA;-;EQM042;30;Quarta;09:25;11:05;1/07/2016;11/07/2016
ENG;ENGENHARIA QUÍMICA;-;EQM042;30;Segunda;07:30;11:05;1/07/2016;11/07/2016
EBA;ERGONOMIA;-;-;30;Quarta;19:00;22:30;1/07/2016;11/07/2016
ENG;ERGONOMIA DE CONCEPÇÃO;-;-;42;Quarta;09:25;11:05;1/07/2016;11/07/2016
ENG;ERGONOMIA DE CONCEPÇÃO;-;-;42;Segunda;09:25;11:05;1/07/2016;11/07/2016
EBA;ERGONOMIA VISUAL;-;-;30;Quinta;14:00;17:30;1/07/2016;11/07/2016
FAFICH;ESPAÇO AGRÁRIO DO BRASIL;GEL057;A;30;Sexta;19:00;22:30;1/07/2016;11/07/2016
FALE;ESPANHOL BI - 1º;-;2;30;Quarta;17:00;18:40;1/07/2016;11/07/2016
FALE;ESPANHOL BI - 1º;-;2;30;Segunda;17:00;18:40;1/07/2016;11/07/2016
FALE;ESPANHOL PARA FINS ACADÊMICOS;-;-;40;Quinta;17:00;18:40;25/03/2016;29/05/2016
FALE;ESPANHOL PARA FINS ACADÊMICOS;-;-;40;Quinta;17:00;18:40;25/03/2016;29/05/2016
FALE;ESPANHOL PARA FINS ACADÊMICOS;-;-;40;Terca;17:00;18:40;25/03/2016;29/05/2016
FALE;ESPANHOL PARA FINS ACADÊMICOS;-;-;40;Terca;17:00;18:40;25/03/2016;29/05/2016
FALE;ESPANHOL PARA TURISMO;-;-;40;Quinta;15:30;17:10;1/07/2016;11/07/2016
FALE;ESPANHOL PARA TURISMO;-;-;40;Terca;15:30;17:10;1/07/2016;11/07/2016
FAFICH;ESTADO MODERNO E CAPITALISMO M;-;M;63;Quinta;19:00;20:40;1/07/2016;11/07/2016
FAFICH;ESTADO MODERNO E CAPITALISMO M;-;M;63;Terca;19:00;20:40;1/07/2016;11/07/2016
FAFICH;ESTADO MODERNO E CAPITALISMO P;-;P;63;Quinta;20:50;22:30;1/07/2016;11/07/2016
FAFICH;ESTADO MODERNO E CAPITALISMO P;-;P;63;Terca;20:50;22:30;1/07/2016;11/07/2016
VET;ESTATÍSTICA APLICADA À MED. VETERINÁRIA;-;-;90;Quarta;08:10;10:00;1/07/2016;11/07/2016
FAFICH;ESTATÍSTICA APLICADA À PSICOLOGIA;-;-;105;Quarta;07:30;09:10;1/07/2016;11/07/2016
FAFICH;ESTATÍSTICA APLICADA À PSICOLOGIA;-;-;105;Sexta;07:30;09:10;1/07/2016;11/07/2016
FACE;ESTATÍSTICA ECONÔMICA II;-;-;100;Quinta;09:20;11:00;1/07/2016;11/07/2016
FACE;ESTATÍSTICA ECONÔMICA II;-;-;100;Terca;09:20;11:00;1/07/2016;11/07/2016
FACE;ESTATÍSTICA I;-;E;90;Quinta;20:50;22:30;1/07/2016;11/07/2016
FACE;ESTATÍSTICA I;-;E;100;Terca;20:50;22:30;1/07/2016;11/07/2016
FACE;ESTATÍSTICA II;-;E;90;Quinta;19:00;20:40;1/07/2016;11/07/2016
FACE;ESTATÍSTICA II;-;E;90;Terca;19:00;20:40;1/07/2016;11/07/2016
FACE;ESTRATÉGIA E PLANEJAMENTO II;-;-;90;Quinta;09:20;11:00;1/07/2016;11/07/2016
FACE;ESTRATÉGIA E PLANEJAMENTO II;-;-;90;Terca;09:20;11:00;1/07/2016;11/07/2016
ENG;ESTRUTURAS DE PONTES;-;-;63;Quinta;09:25;11:05;1/07/2016;11/07/2016
ENG;ESTRUTURAS DE PONTES;-;-;63;Terca;09:25;11:05;1/07/2016;11/07/2016
FALE;ESTUDO TEMÁTICO DO BACHARELADO EM EDIÇÃO: HISTÓRIA DO LIVRO;-;-;50;Quinta;13:30;17:10;1/07/2016;11/07/2016
FAFICH;ESTUDOS DE JORNALISMO;-;NX;63;Terca;19:00;22:30;1/07/2016;11/07/2016
FALE;ESTUDOS TEMÁTICOS DE LÍNGUA DO TEXTO E DO DISCURSO: O DISCURSO DA IMAGEM;-;-;50;Quinta;20:50;22:30;1/07/2016;11/07/2016
FALE;ESTUDOS TEMÁTICOS DE LÍNGUA DO TEXTO E DO DISCURSO: O DISCURSO DA IMAGEM;-;-;50;Terca;20:50;22:30;1/07/2016;11/07/2016
FALE;ESTUDOS TEMÁTICOS DE LÍNGUA E LINGUÍSTICA INGLESA: INTRODUÇÃO AOS ESTUDOS DA LI;-;-;100;Quinta;19:00;20:40;1/07/2016;11/07/2016
FALE;ESTUDOS TEMÁTICOS DE LÍNGUA E LINGUÍSTICA INGLESA: INTRODUÇÃO AOS ESTUDOS DA LI;-;-;100;Terca;19:00;20:40;1/07/2016;11/07/2016
FALE;ESTUDOS TEMÁTICOS DE LINGUÍSTICA TEÓRICA E DESCRITIVA;-;-;50;Quarta;07:30;09:10;1/07/2016;11/07/2016
FALE;ESTUDOS TEMÁTICOS DE LINGUÍSTICA TEÓRICA E DESCRITIVA;-;-;50;Segunda;07:30;09:10;1/07/2016;11/07/2016
FALE;ESTUDOS TEMÁTICOS DE LITERATURA BRASILEIRA: A FICÇÃO DE GUIMARÃES ROSA;-;-;50;Quarta;20:50;22:30;1/07/2016;11/07/2016
FALE;ESTUDOS TEMÁTICOS DE LITERATURA BRASILEIRA: A FICÇÃO DE GUIMARÃES ROSA;-;-;50;Segunda;20:50;22:30;1/07/2016;11/07/2016
FALE;ESTUDOS TEMÁTICOS DE LITERATURA BRASILEIRA: A POESIA BRASILEIRA CONTEMPORÂNEA;-;-;50;Quarta;19:00;20:40;1/07/2016;11/07/2016
FALE;ESTUDOS TEMÁTICOS DE LITERATURA BRASILEIRA: A POESIA BRASILEIRA CONTEMPORÂNEA;-;-;50;Segunda;19:00;20:40;1/07/2016;11/07/2016
FALE;ESTUDOS TEMÁTICOS DE LITERATURA BRASILEIRA: MEMÓRIA, AUTOBIOGRAFIA E TESTEMUNHO NO CINE..;-;-;50;Sexta;19:00;22:30;1/07/2016;11/07/2016
FALE;ESTUDOS TEMÁTICOS DE LITERATURA BRASILEIRA: O ROMANCE DE 1930;-;-;50;Segunda;19:00;20:40;1/07/2016;11/07/2016
FALE;ESTUDOS TEMÁTICOS DE LITERATURA BRASILEIRA: O ROMANCE DE 1931;-;-;50;Quarta;19:00;20:40;1/07/2016;11/07/2016
FALE;ESTUDOS TEMÁTICOS DE LITERATURA ESTRANGEIRA EM LÍNGUA PORTUGUESA;-;-;50;Quinta;09:20;11:00;1/07/2016;11/07/2016
FALE;ESTUDOS TEMÁTICOS DE LITERATURA ESTRANGEIRA EM LÍNGUA PORTUGUESA;-;-;50;Terca;09:20;11:00;1/07/2016;11/07/2016
FALE;ESTUDOS TEMÁTICOS DE LITERATURA ESTRANGEIRA EM LÍNGUA PORTUGUESA: EIXOS TEMÁTICOS DA LIT.;-;-;50;Quinta;19:00;20:40;1/07/2016;11/07/2016
FALE;ESTUDOS TEMÁTICOS DE LITERATURA ESTRANGEIRA EM LÍNGUA PORTUGUESA: EIXOS TEMÁTICOS DA LIT.;-;-;50;Terca;19:00;20:40;1/07/2016;11/07/2016
FALE;Estudos Temáticos de Literaturas Hispânicas: Literatura Andina Peruana Contemporânea;-;-;100;Sexta;16:00;19:00;1/07/2016;11/07/2016
FALE;ESTUDOS TEMÁTICOS EM LITERATURA E OUTRAS ARTES;-;-;50;Quinta;09:20;11:00;1/07/2016;11/07/2016
FALE;ESTUDOS TEMÁTICOS EM LITERATURA E OUTRAS ARTES;-;-;50;Terca;09:20;11:00;1/07/2016;11/07/2016
FALE;ESTUDOS TEMÁTICOS EM TEORIA DA LITERATURA: AS CIDADES NA LITERATURA DE CHICO B...;-;-;50;Quarta;20:50;22:30;1/07/2016;11/07/2016
FALE;ESTUDOS TEMÁTICOS EM TEORIA DA LITERATURA: AS CIDADES NA LITERATURA DE CHICO B...;-;-;50;Segunda;20:50;22:30;1/07/2016;11/07/2016
FAFICH;EXPERIÊNCIA ELEMENTAR II;-;-;63;Quinta;13:00;16:30;1/07/2016;11/07/2016
ICB;FARMACOLOGIA EXPERIMENTAL;-;R;50;Terca;10:50;12:30;1/07/2016;11/07/2016
ENG;FENÔMENOS DE TRANSPORTE;-;A;45;Quinta;14:55;17:25;1/07/2016;11/07/2016
FALE;FILOLOGIA ROMÂNICA: FORMAÇÃO HISTÓRICA DAS LÍNGUAS ROMÂNICAS;-;-;50;Quarta;19:00;20:40;1/07/2016;11/07/2016
FALE;FILOLOGIA ROMÂNICA: FORMAÇÃO HISTÓRICA DAS LÍNGUAS ROMÂNICAS;-;-;50;Segunda;19:00;20:40;1/07/2016;11/07/2016
ECI;FONTES INFORM. PEQUIS. PROFISSIONAIS;-;-;40;Quinta;07:30;11:10;1/07/2016;11/07/2016
ECI;FORMAÇÃO E DESENVOLVIMENTO DO ACERVO;-;-;40;Quarta;07:30;11:10;1/07/2016;11/07/2016
FALE;FRANCÊS BI - 1º;-;8;30;Quarta;17:00;18:40;1/07/2016;11/07/2016
FALE;FRANCÊS BI - 1º;-;8;30;Segunda;17:00;18:40;1/07/2016;11/07/2016
FALE;FRANCÊS BI - 2º;-;7;30;Segunda;17:00;18:40;1/07/2016;11/07/2016
FALE;FRANCÊS BI - 2º;-;8;30;Quarta;17:00;18:40;1/07/2016;11/07/2016
FALE;FRANCÊS PARA FINS ACADÊMICOS;-;-;30;Quinta;11:30;13:00;1/07/2016;11/07/2016
FALE;FRANCÊS PARA FINS ACADÊMICOS;-;-;30;Terca;11:30;13:00;1/07/2016;11/07/2016
ECI;FUND. DA ORGANIZAÇÃO DA INFORMAÇÃO;-;-;45;Quarta;14:00;17:40;1/07/2016;11/07/2016
ECI;FUND. DA ORGANIZAÇÃO DA INFORMAÇÃO;-;-;50;Quinta;19:00;22:30;1/07/2016;11/07/2016
ECI;FUND. DA ORGANIZAÇÃO DA INFORMAÇÃO;-;-;57;Quarta;19:00;22:30;1/07/2016;11/07/2016
EBA;FUND. DO ENSINO DA ARTE I E II;-;-;30;Quarta;13:30;17:30;1/07/2016;11/07/2016
EBA;FUNDAMENTOS CIENTÍFICOS DA RESTAURAÇÃO;-;-;30;Quarta;08:00;12:00;1/07/2016;11/07/2016
FAFICH;FUNDAMENTOS DA ANÁLISE SOCIOLÓGICA;-;-;105;Quarta;07:30;11:00;1/07/2016;11/07/2016
ECI;FUNDAMENTOS DA CIÊNCIA DA INFORMAÇÃO;-;-;46;Quinta;07:30;11:10;1/07/2016;11/07/2016
ECI;FUNDAMENTOS DA MUSEOLOGIA;-;-;30;Quarta;07:30;11:10;1/07/2016;11/07/2016
FAFICH;FUNDAMENTOS DE ANÁLISE SOCIOLÓGICA;-;-;63;Quarta;13:30;17:10;1/07/2016;11/07/2016
FAFICH;FUNDAMENTOS DE ANÁLISE SOCIOLÓGICA;-;D;63;Quarta;07:30;09:10;1/07/2016;11/07/2016
FAFICH;FUNDAMENTOS DE ANÁLISE SOCIOLÓGICA;-;D;63;Segunda;07:30;09:10;1/07/2016;11/07/2016
FAFICH;FUNDAMENTOS DE ANÁLISE SOCIOLÓGICA;-;G;63;Quarta;07:30;09:10;1/07/2016;11/07/2016
FAFICH;FUNDAMENTOS DE ANÁLISE SOCIOLÓGICA;-;G;63;Segunda;07:30;09:10;1/07/2016;11/07/2016
FAFICH;FUNDAMENTOS DE ANÁLISE SOCIOLÓGICA;-;P;63;Quarta;20:50;22:30;1/07/2016;11/07/2016
FAFICH;FUNDAMENTOS DE ANÁLISE SOCIOLÓGICA;-;R;63;Segunda;20:50;22:30;1/07/2016;11/07/2016
FAFICH;FUNDAMENTOS DE ANÁLISE SOCIOLÓGICA;SOA048;O;63;Quarta;20:50;22:30;1/07/2016;11/07/2016
FAFICH;FUNDAMENTOS DE ANÁLISE SOCIOLÓGICA;SOA048;O;63;Segunda;20:50;22:30;1/07/2016;11/07/2016
ENG;FUNDAMENTOS DE ENGENHARIA BIOMÉDICA;-;-;42;Quinta;09:25;11:05;1/07/2016;11/07/2016
ENG;FUNDAMENTOS DE ENGENHARIA BIOMÉDICA;-;-;42;Terca;09:25;11:05;1/07/2016;11/07/2016
ENG;FUNDAMENTOS DE ENGENHARIA NUCLEAR;-;-;42;Quarta;09:25;12:00;1/07/2016;11/07/2016
FALE;FUNDAMENTOS DE LINGUÍSTICA COMPARADA;-;-;50;Quinta;07:30;09:10;1/07/2016;11/07/2016
FALE;FUNDAMENTOS DE LINGUÍSTICA COMPARADA;-;-;50;Quinta;09:20;11:00;1/07/2016;11/07/2016
FALE;FUNDAMENTOS DE LINGUÍSTICA COMPARADA;-;-;50;Quinta;19:00;20:40;1/07/2016;11/07/2016
FALE;FUNDAMENTOS DE LINGUÍSTICA COMPARADA;-;-;50;Quinta;19:00;20:40;1/07/2016;11/07/2016
FALE;FUNDAMENTOS DE LINGUÍSTICA COMPARADA;-;-;50;Quinta;20:50;22:30;1/07/2016;11/07/2016
FALE;FUNDAMENTOS DE LINGUÍSTICA COMPARADA;-;-;50;Terca;07:30;09:10;1/07/2016;11/07/2016
FALE;FUNDAMENTOS DE LINGUÍSTICA COMPARADA;-;-;50;Terca;09:20;11:00;1/07/2016;11/07/2016
FALE;FUNDAMENTOS DE LINGUÍSTICA COMPARADA;-;-;50;Terca;19:00;20:40;1/07/2016;11/07/2016
FALE;FUNDAMENTOS DE LINGUÍSTICA COMPARADA;-;-;50;Terca;19:00;20:40;1/07/2016;11/07/2016
FALE;FUNDAMENTOS DE LINGUÍSTICA COMPARADA;-;-;50;Terca;20:50;22:30;1/07/2016;11/07/2016
IGC;GEOGRAFIA DE BELO HORIZONTE;GEO202;U;30;Terca;13:30;17:30;1/07/2016;11/07/2016
IGC;GEOGRAFIA DE MINAS GERAIS;GEo300;U;30;Terca;13:30;17:30;1/07/2016;11/07/2016
IGC;Geografia de Minas Gerais;GEO300;N;30;Quarta;19:00;22:30;1/07/2016;11/07/2016
IGC;GEOMORFOLOGIA FLUVIAL;GEO336;U;25;Terca;13:30;17:30;1/07/2016;11/07/2016
ECI;Gestão Arquivística de Documentos Eletrônicos;-;-;30;Quarta;19:00;22:30;1/07/2016;11/07/2016
ECI;GESTÃO DE DOCUMENTOS ARQUIVÍSTICOS;-;-;40;Segunda;19:00;22:30;1/07/2016;11/07/2016
EBA;GESTÃO DE MARCAS DE MODA E COMUNICAÇÃO INTEGRADA;-;-;60;Segunda;14:30;18:00;1/07/2016;11/07/2016
ECI;GESTÃO DE UNIDADES DE INFORMAÇÃO;TGI031;TM;45;Quarta;07:30;11:10;1/07/2016;11/07/2016
FALE;GRAMÁTICA TRADICIONAL: MORFO-SÍNTAXE;-;-;50;Quinta;07:30;09:10;1/07/2016;11/07/2016
FALE;GRAMÁTICA TRADICIONAL: MORFO-SÍNTAXE;-;-;50;Quinta;09:20;11:00;1/07/2016;11/07/2016
FALE;GRAMÁTICA TRADICIONAL: MORFO-SÍNTAXE;-;-;50;Quinta;19:00;20:40;1/07/2016;11/07/2016
FALE;GRAMÁTICA TRADICIONAL: MORFO-SÍNTAXE;-;-;50;Quinta;19:00;20:40;1/07/2016;11/07/2016
FALE;GRAMÁTICA TRADICIONAL: MORFO-SÍNTAXE;-;-;50;Quinta;20:50;22:30;1/07/2016;11/07/2016
FALE;GRAMÁTICA TRADICIONAL: MORFO-SÍNTAXE;-;-;50;Quinta;20:50;22:30;1/07/2016;11/07/2016
FALE;GRAMÁTICA TRADICIONAL: MORFO-SÍNTAXE;-;-;50;Terca;07:30;09:10;1/07/2016;11/07/2016
FALE;GRAMÁTICA TRADICIONAL: MORFO-SÍNTAXE;-;-;50;Terca;09:20;11:00;1/07/2016;11/07/2016
FALE;GRAMÁTICA TRADICIONAL: MORFO-SÍNTAXE;-;-;50;Terca;19:00;20:40;1/07/2016;11/07/2016
FALE;GRAMÁTICA TRADICIONAL: MORFO-SÍNTAXE;-;-;50;Terca;19:00;20:40;1/07/2016;11/07/2016
FALE;GRAMÁTICA TRADICIONAL: MORFO-SÍNTAXE;-;-;50;Terca;20:50;22:30;1/07/2016;11/07/2016
FALE;GRAMÁTICA TRADICIONAL: MORFO-SÍNTAXE;-;-;50;Terca;20:50;22:30;1/07/2016;11/07/2016
FALE;GRUPO DE ESTUDOS;-;-;15;Quinta;14:00;18:00;1/07/2016;11/07/2016
FAFICH;HISTÓRIA DAS IDEIAS PSICOLÓGICAS;-;-;105;Terca;13:00;16:30;1/07/2016;11/07/2016
FAFICH;HISTÓRIA E AMBIENTE;HIS238;A;30;Quinta;20:50;22:30;1/07/2016;11/07/2016
FAFICH;HISTÓRIA E AMBIENTE;HIS238;A;30;Quinta;19:00;22:30;1/07/2016;11/07/2016
FAFICH;HISTÓRIA E AMBIENTE;HIS238;A;30;Terca;20:50;22:30;1/07/2016;11/07/2016
EBA;HISTÓRIA E TEORIA DA RESTAURAÇÃO;-;-;30;Terca;08:00;11:00;1/07/2016;11/07/2016
FACE;HISTÓRIA ECONÔMICA DO BRASIL;-;-;100;Sexta;19:00;20:40;1/07/2016;11/07/2016
FACE;HISTÓRIA ECONÔMICA DO BRASIL;-;-;100;Terca;20:50;22:30;1/07/2016;11/07/2016
FAFICH;HISTÓRIA SOCIAL DOS MEIOS;COM027;MX;63;Quarta;09:30;11:10;1/07/2016;11/07/2016
FAFICH;HISTÓRIA SOCIAL DOS MEIOS;COM027;MX;63;Segunda;09:30;11:10;1/07/2016;11/07/2016
FALE;IFA FRANCÊS;-;-;30;Quinta;11:30;13:00;1/07/2016;11/07/2016
FALE;IFA FRANCÊS;-;-;30;Terca;11:30;13:00;1/07/2016;11/07/2016
FALE;IFA I A;UNI040;A;30;Quarta;17:00;18:40;1/07/2016;11/07/2016
FALE;IFA I A;UNI040;A;30;Segunda;17:00;18:40;1/07/2016;11/07/2016
FALE;IFA I B;UNI040;B;30;Quinta;12:00;13:40;1/07/2016;11/07/2016
FALE;IFA I B;UNI040;B;30;Terca;12:00;13:40;1/07/2016;11/07/2016
FALE;IFA II A;UNI041;A;30;Quarta;12:00;13:40;1/07/2016;11/07/2016
FALE;IFA II A;UNI041;A;30;Segunda;12:00;13:40;1/07/2016;11/07/2016
FALE;IFA II B;UNI041;B;30;Quarta;17:00;18:40;1/07/2016;11/07/2016
FALE;IFA II B;UNI041;B;30;Segunda;17:00;18:40;1/07/2016;11/07/2016
FALE;IFA II C;UNI040;C;30;Quarta;17:00;18:40;1/07/2016;11/07/2016
FALE;IFA II C;UNI040;C;30;Terca;17:00;18:40;1/07/2016;11/07/2016
FALE;IFA III A;UNI042;A;30;Quarta;12:00;13:40;1/07/2016;11/07/2016
FALE;IFA III A;UNI042;A;30;Segunda;12:00;13:40;1/07/2016;11/07/2016
FALE;IFA III B;UNI042;B;30;Quarta;17:00;18:40;1/07/2016;11/07/2016
FALE;IFA III B;UNI042;B;30;Segunda;17:00;18:40;1/07/2016;11/07/2016
FALE;IFA IV A;UNI043;A;30;Quarta;12:00;13:40;1/07/2016;11/07/2016
FALE;IFA IV A;UNI043;A;30;Segunda;12:00;13:40;1/07/2016;11/07/2016
FALE;INGLÊS BI - 1º;-;8;30;Quarta;17:00;18:40;1/07/2016;11/07/2016
FALE;INGLÊS BI - 1º;-;8;30;Segunda;17:00;18:40;1/07/2016;11/07/2016
FALE;INGLÊS BI - 1º;-;10;30;Quinta;17:00;18:40;1/07/2016;11/07/2016
FALE;INGLÊS BI - 1º;-;10;30;Terca;17:00;18:40;1/07/2016;11/07/2016
FALE;INGLÊS BI - 1º;-;11;30;Quinta;19:00;20:40;1/07/2016;11/07/2016
FALE;INGLÊS BI - 1º;-;11;30;Terca;19:00;20:40;1/07/2016;11/07/2016
FALE;INGLÊS BI - 2º;-;10;30;Quinta;17:00;18:40;1/07/2016;11/07/2016
FALE;INGLÊS BI - 2º;-;10;30;Terca;17:00;18:40;1/07/2016;11/07/2016
FALE;INGLÊS BI - 2º;-;12;30;Quinta;19:00;20:40;1/07/2016;11/07/2016
FALE;INGLÊS BI - 2º;-;12;30;Terca;19:00;20:40;1/07/2016;11/07/2016
FALE;INGLÊS BI - 3º;-;6;30;Quarta;17:00;18:40;1/07/2016;11/07/2016
FALE;INGLÊS BI - 3º;-;6;30;Segunda;17:00;18:40;1/07/2016;11/07/2016
FALE;INGLÊS IS - 1º;-;4;30;Quarta;17:00;18:40;1/07/2016;11/07/2016
FALE;INGLÊS IS - 1º;-;4;30;Segunda;17:00;18:40;1/07/2016;11/07/2016
FALE;INGLÊS PI - 1º;-;4;30;Quarta;17:00;18:40;1/07/2016;11/07/2016
FALE;INGLÊS PI - 1º;-;4;30;Segunda;17:00;18:40;1/07/2016;11/07/2016
FALE;INGLÊS PI - 2º;-;5;30;Quarta;17:00;18:40;1/07/2016;11/07/2016
FALE;INGLÊS PI - 2º;-;5;30;Segunda;17:00;18:40;1/07/2016;11/07/2016
FALE;INGLÊS PI - 2º;-;8;30;Quinta;17:00;18:40;1/07/2016;11/07/2016
FALE;INGLÊS PI - 2º;-;8;30;Terca;17:00;18:40;1/07/2016;11/07/2016
FALE;INGLÊS PI - 3º;-;5;30;Quarta;17:00;18:40;1/07/2016;11/07/2016
FALE;INGLÊS PI - 3º;-;5;30;Segunda;17:00;18:40;1/07/2016;11/07/2016
FALE;INGLÊS SEM FRONTEIRAS;-;A2 MEO 2;30;Quarta;11:50;13:50;1/07/2016;11/07/2016
FALE;INGLÊS SEM FRONTEIRAS;-;A2 MEO 2;30;Quarta;11:50;13:50;1/07/2016;11/07/2016
FALE;INGLÊS SEM FRONTEIRAS;-;A2 MEO 2;30;Quarta;11:50;13:50;1/07/2016;11/07/2016
FALE;INGLÊS SEM FRONTEIRAS;-;A2 MEO 2;30;Quarta;11:50;13:50;1/07/2016;11/07/2016
FALE;INGLÊS SEM FRONTEIRAS;-;A2 MEO 2;30;Quarta;14:30;16:30;1/07/2016;11/07/2016
FALE;INGLÊS SEM FRONTEIRAS;-;A2 MEO 2;30;Quarta;14:30;16:30;1/07/2016;11/07/2016
FALE;INGLÊS SEM FRONTEIRAS;-;A2 MEO 2;30;Quarta;16:50;18:50;1/07/2016;11/07/2016
FALE;INGLÊS SEM FRONTEIRAS;-;A2 MEO 2;30;Quinta;14:30;16:30;1/07/2016;11/07/2016
FALE;INGLÊS SEM FRONTEIRAS;-;A2 MEO 2;30;Segunda;11:50;13:50;1/07/2016;11/07/2016
FALE;INGLÊS SEM FRONTEIRAS;-;A2 MEO 2;30;Segunda;14:30;16:30;1/07/2016;11/07/2016
FALE;INGLÊS SEM FRONTEIRAS;-;A2 MEO 2;30;Segunda;14:30;16:30;1/07/2016;11/07/2016
FALE;INGLÊS SEM FRONTEIRAS;-;A2 MEO 2;30;Segunda;16:50;18:50;1/07/2016;11/07/2016
FALE;INGLÊS SEM FRONTEIRAS;-;A2 MEO 2;30;Sexta;11:50;13:50;1/07/2016;11/07/2016
FALE;INGLÊS SEM FRONTEIRAS;-;A2 MEO 2;30;Sexta;11:50;13:50;1/07/2016;11/07/2016
FALE;INGLÊS SEM FRONTEIRAS;-;A2 MEO 2;30;Terca;14:30;16:30;1/07/2016;11/07/2016
FALE;INGLÊS SEM FRONTEIRAS;-;A2 MEO 2;30;Terca;14:30;16:30;1/07/2016;11/07/2016
FALE;INGLÊS SEM FRONTEIRAS;-;A2 MEO 2;40;Quarta;11:50;13:50;1/07/2016;11/07/2016
FALE;INGLÊS SEM FRONTEIRAS;-;A2 MEO 2;40;Quarta;11:50;13:50;1/07/2016;11/07/2016
FALE;INGLÊS SEM FRONTEIRAS;-;A2 MEO 2;40;Quarta;11:50;13:50;1/07/2016;11/07/2016
FALE;INGLÊS SEM FRONTEIRAS;-;A2 MEO 2;40;Quarta;11:50;13:50;1/07/2016;11/07/2016
FALE;INGLÊS SEM FRONTEIRAS;-;A2 MEO 2;40;Quarta;16:50;18:50;1/07/2016;11/07/2016
FALE;INGLÊS SEM FRONTEIRAS;-;A2 MEO 2;40;Quarta;16:50;18:50;1/07/2016;11/07/2016
FALE;INGLÊS SEM FRONTEIRAS;-;A2 MEO 2;40;Quarta;16:50;18:50;1/07/2016;11/07/2016
FALE;INGLÊS SEM FRONTEIRAS;-;A2 MEO 2;40;Segunda;11:50;13:50;1/07/2016;11/07/2016
FALE;INGLÊS SEM FRONTEIRAS;-;A2 MEO 2;40;Segunda;11:50;13:50;1/07/2016;11/07/2016
FALE;INGLÊS SEM FRONTEIRAS;-;A2 MEO 2;40;Segunda;11:50;13:50;1/07/2016;11/07/2016
FALE;INGLÊS SEM FRONTEIRAS;-;A2 MEO 2;40;Segunda;16:50;18:50;1/07/2016;11/07/2016
FALE;INGLÊS SEM FRONTEIRAS;-;A2 MEO 2;40;Segunda;16:50;18:50;1/07/2016;11/07/2016
FALE;INGLÊS SEM FRONTEIRAS;-;A2 MEO 2;40;Segunda;16:50;18:50;1/07/2016;11/07/2016
FALE;INGLÊS SEM FRONTEIRAS;-;A2 MEO 2;40;Sexta;11:50;13:50;1/07/2016;11/07/2016
FALE;INGLÊS SEM FRONTEIRAS;-;A2 MEO 3;30;Quarta;14:30;16:30;1/07/2016;11/07/2016
FALE;INGLÊS SEM FRONTEIRAS;-;A2 MEO 3;30;Quarta;14:30;16:30;1/07/2016;11/07/2016
FALE;INGLÊS SEM FRONTEIRAS;-;A2 MEO 3;30;Quarta;14:30;16:30;1/07/2016;11/07/2016
FALE;INGLÊS SEM FRONTEIRAS;-;A2 MEO 3;30;Segunda;14:30;16:30;1/07/2016;11/07/2016
FALE;INGLÊS SEM FRONTEIRAS;-;A2 MEO 3;30;Segunda;14:30;16:30;1/07/2016;11/07/2016
FALE;INGLÊS SEM FRONTEIRAS;-;A2 MEO 3;30;Segunda;14:30;16:30;1/07/2016;11/07/2016
FALE;INGLÊS SEM FRONTEIRAS;-;A2 MEO 3;40;Quarta;14:30;16:30;1/07/2016;11/07/2016
FALE;INGLÊS SEM FRONTEIRAS;-;A2 MEO 3;40;Quarta;14:30;16:30;1/07/2016;11/07/2016
FALE;INGLÊS SEM FRONTEIRAS;-;A2 MEO 3;40;Quarta;14:30;16:30;1/07/2016;11/07/2016
FALE;INGLÊS SEM FRONTEIRAS;-;A2 MEO 3;40;Quinta;11:50;13:50;1/07/2016;11/07/2016
FALE;INGLÊS SEM FRONTEIRAS;-;A2 MEO 3;40;Quinta;11:50;13:50;1/07/2016;11/07/2016
FALE;INGLÊS SEM FRONTEIRAS;-;A2 MEO 3;40;Segunda;14:30;16:30;1/07/2016;11/07/2016
FALE;INGLÊS SEM FRONTEIRAS;-;A2 MEO 3;40;Segunda;14:30;16:30;1/07/2016;11/07/2016
FALE;INGLÊS SEM FRONTEIRAS;-;A2 MEO 3;40;Segunda;14:30;16:30;1/07/2016;11/07/2016
FALE;INGLÊS SEM FRONTEIRAS;-;A2 MEO 3;40;Terca;11:50;13:50;1/07/2016;11/07/2016
FALE;INGLÊS SEM FRONTEIRAS;-;A2 MEO 3;40;Terca;11:50;13:50;1/07/2016;11/07/2016
FALE;INGLÊS SEM FRONTEIRAS;-;B1 MEO 4;40;Quarta;14:30;16:30;1/07/2016;11/07/2016
FALE;INGLÊS SEM FRONTEIRAS;-;B1 MEO 4;40;Quarta;14:30;16:30;1/07/2016;11/07/2016
FALE;INGLÊS SEM FRONTEIRAS;-;B1 MEO 4;40;Quarta;14:30;16:30;1/07/2016;11/07/2016
FALE;INGLÊS SEM FRONTEIRAS;-;B1 MEO 4;40;Quarta;14:30;16:30;1/07/2016;11/07/2016
FALE;INGLÊS SEM FRONTEIRAS;-;B1 MEO 4;40;Quinta;11:50;13:50;1/07/2016;11/07/2016
FALE;INGLÊS SEM FRONTEIRAS;-;B1 MEO 4;40;Quinta;14:30;16:30;1/07/2016;11/07/2016
FALE;INGLÊS SEM FRONTEIRAS;-;B1 MEO 4;40;Quinta;14:30;16:30;1/07/2016;11/07/2016
FALE;INGLÊS SEM FRONTEIRAS;-;B1 MEO 4;40;Quinta;14:30;16:30;1/07/2016;11/07/2016
FALE;INGLÊS SEM FRONTEIRAS;-;B1 MEO 4;40;Quinta;16:50;18:50;1/07/2016;11/07/2016
FALE;INGLÊS SEM FRONTEIRAS;-;B1 MEO 4;40;Segunda;14:30;16:30;1/07/2016;11/07/2016
FALE;INGLÊS SEM FRONTEIRAS;-;B1 MEO 4;40;Segunda;14:30;16:30;1/07/2016;11/07/2016
FALE;INGLÊS SEM FRONTEIRAS;-;B1 MEO 4;40;Segunda;14:30;16:30;1/07/2016;11/07/2016
FALE;INGLÊS SEM FRONTEIRAS;-;B1 MEO 4;40;Segunda;14:30;16:30;1/07/2016;11/07/2016
FALE;INGLÊS SEM FRONTEIRAS;-;B1 MEO 4;40;Terca;11:50;13:50;1/07/2016;11/07/2016
FALE;INGLÊS SEM FRONTEIRAS;-;B1 MEO 4;40;Terca;14:30;16:30;1/07/2016;11/07/2016
FALE;INGLÊS SEM FRONTEIRAS;-;B1 MEO 4;40;Terca;14:30;16:30;1/07/2016;11/07/2016
FALE;INGLÊS SEM FRONTEIRAS;-;B1 MEO 4;40;Terca;14:30;16:30;1/07/2016;11/07/2016
FALE;INGLÊS SEM FRONTEIRAS;-;B1 MEO 4;40;Terca;16:50;18:50;1/07/2016;11/07/2016
FALE;INGLÊS SEM FRONTEIRAS;-;B2 MEO 5;40;Quarta;11:50;13:50;1/07/2016;11/07/2016
FALE;INGLÊS SEM FRONTEIRAS;-;B2 MEO 5;40;Quarta;11:50;13:50;1/07/2016;11/07/2016
FALE;INGLÊS SEM FRONTEIRAS;-;B2 MEO 5;40;Quarta;14:30;16:30;1/07/2016;11/07/2016
FALE;INGLÊS SEM FRONTEIRAS;-;B2 MEO 5;40;Quarta;16:50;18:50;1/07/2016;11/07/2016
FALE;INGLÊS SEM FRONTEIRAS;-;B2 MEO 5;40;Quarta;16:50;18:50;1/07/2016;11/07/2016
FALE;INGLÊS SEM FRONTEIRAS;-;B2 MEO 5;40;Quinta;11:50;13:50;1/07/2016;11/07/2016
FALE;INGLÊS SEM FRONTEIRAS;-;B2 MEO 5;40;Quinta;11:50;13:50;1/07/2016;11/07/2016
FALE;INGLÊS SEM FRONTEIRAS;-;B2 MEO 5;40;Quinta;16:50;18:50;1/07/2016;11/07/2016
FALE;INGLÊS SEM FRONTEIRAS;-;B2 MEO 5;40;Quinta;16:50;18:50;1/07/2016;11/07/2016
FALE;INGLÊS SEM FRONTEIRAS;-;B2 MEO 5;40;Segunda;11:50;13:50;1/07/2016;11/07/2016
FALE;INGLÊS SEM FRONTEIRAS;-;B2 MEO 5;40;Segunda;14:30;16:30;1/07/2016;11/07/2016
FALE;INGLÊS SEM FRONTEIRAS;-;B2 MEO 5;40;Segunda;16:50;18:50;1/07/2016;11/07/2016
FALE;INGLÊS SEM FRONTEIRAS;-;B2 MEO 5;40;Segunda;16:50;18:50;1/07/2016;11/07/2016
FALE;INGLÊS SEM FRONTEIRAS;-;B2 MEO 5;40;Terca;11:50;13:50;1/07/2016;11/07/2016
FALE;INGLÊS SEM FRONTEIRAS;-;B2 MEO 5;40;Terca;11:50;13:50;1/07/2016;11/07/2016
FALE;INGLÊS SEM FRONTEIRAS;-;B2 MEO 5;40;Terca;16:50;18:50;1/07/2016;11/07/2016
FALE;INGLÊS SEM FRONTEIRAS;-;B2 MEO 5;40;Terca;16:50;18:50;1/07/2016;11/07/2016
FALE;INGLÊS: HABILIDADES INTEGRADAS I;-;-;50;Quinta;20:50;22:30;1/07/2016;11/07/2016
FALE;INGLÊS: HABILIDADES INTEGRADAS I;-;-;50;Terca;20:50;22:30;1/07/2016;11/07/2016
FACE;INTRODUÇÃO À ADMINISTRAÇÃO;-;-;50;Quarta;13:30;17:10;1/07/2016;11/07/2016
FALE;INTRODUÇÃO À ANÁLISE DO DISCURSO;-;-;50;Quinta;07:30;09:10;1/07/2016;11/07/2016
FALE;INTRODUÇÃO À ANÁLISE DO DISCURSO;-;-;50;Quinta;09:20;11:00;1/07/2016;11/07/2016
FALE;INTRODUÇÃO À ANÁLISE DO DISCURSO;-;-;50;Terca;07:30;09:10;1/07/2016;11/07/2016
FALE;INTRODUÇÃO À ANÁLISE DO DISCURSO;-;-;50;Terca;09:20;11:00;1/07/2016;11/07/2016
ECI;INTRODUÇÃO A BANCO DE DADOS;-;-;45;Terca;07:30;11:10;1/07/2016;11/07/2016
ECI;INTRODUÇÃO À BIBLIOTECONOMIA, ARQUIVOLOGIA E MUSEOLOGIA;-;-;50;Terca;19:00;22:30;1/07/2016;11/07/2016
ECI;INTRODUÇÃO À BIBLIOTECONOMIA, ARQUIVOLOGIA E MUSEOLOGIA;-;-;57;Quinta;19:00;22:30;1/07/2016;11/07/2016
FACE;INTRODUÇÃO À DEMOGRAFIA;POP005;-;62;Sexta;07:30;11:10;1/07/2016;11/07/2016
FAFICH;INTRODUÇÃO À ECONOMIA;ECN140;-;30;Quarta;20:50;22:30;1/07/2016;11/07/2016
FAFICH;INTRODUÇÃO À ECONOMIA;ECN140;-;48;Quinta;07:30;09:10;1/07/2016;11/07/2016
FAFICH;INTRODUÇÃO À ECONOMIA;ECN141;-;30;Sexta;19:00;20:40;1/07/2016;11/07/2016
FAFICH;INTRODUÇÃO À ECONOMIA;ECN140;-;48;Terca;07:30;09:10;1/07/2016;11/07/2016
FAFICH;INTRODUÇÃO À ESTATÍSTICA;-;-;30;Quinta;07:30;09:10;1/07/2016;11/07/2016
FAFICH;INTRODUÇÃO À ESTATÍSTICA;-;-;30;Terca;07:30;09:10;1/07/2016;11/07/2016
FAFICH;INTRODUÇÃO À FILOSOFIA DA CIÊNCIA E EPISTEMOLOGIA;-;G;63;Quarta;13:00;14:40;1/07/2016;11/07/2016
FAFICH;INTRODUÇÃO À FILOSOFIA DA CIÊNCIA E EPISTEMOLOGIA;-;G;63;Sexta;13:00;14:40;1/07/2016;11/07/2016
FAFICH;INTRODUÇÃO À FILOSOFIA ESTÉTICA;-;A;63;Segunda;13:30;17:10;1/07/2016;11/07/2016
FAFICH;INTRODUÇÃO À FILOSOFIA ÉTICA;FIL028;E;63;Quinta;07:30;09:10;1/07/2016;11/07/2016
FAFICH;INTRODUÇÃO À FILOSOFIA ÉTICA;FIL028;E;63;Terca;07:30;09:10;1/07/2016;11/07/2016
FAFICH;INTRODUÇÃO À FILOSOFIA: ÉTICA;FIL028;Q;63;Quinta;19:00;20:40;1/07/2016;11/07/2016
FAFICH;INTRODUÇÃO À FILOSOFIA: ÉTICA;FIL028;Q;63;Terca;19:00;20:40;1/07/2016;11/07/2016
FAFICH;INTRODUÇÃO À FILOSOFIA: ÉTICA;FIL028;R;105;Quinta;19:00;20:40;1/07/2016;11/07/2016
FAFICH;INTRODUÇÃO À FILOSOFIA: ÉTICA;FIL028;R;105;Terca;19:00;20:40;1/07/2016;11/07/2016
FAFICH;INTRODUÇÃO À FILOSOFIA: FILOSOFIA DA CIÊNCIA E EPISTEMOLOGIA;-;P/T;105;Quinta;19:00;20:40;1/07/2016;11/07/2016
FAFICH;INTRODUÇÃO À FILOSOFIA: FILOSOFIA DA CIÊNCIA E EPISTEMOLOGIA;-;P/T;105;Terca;19:00;20:40;1/07/2016;11/07/2016
IGC;INTRODUÇÃO A GEOGRAFIA;GEO196;U;50;Quinta;13:30;17:30;1/07/2016;11/07/2016
FAFICH;INTRODUÇÃO À HISTÓRIA DA CULTURA;-;Z;63;Quinta;13:30;17:10;1/07/2016;11/07/2016
ECI;INTRODUÇÃO À INFORMÁTICA;DCC601;-;30;Sexta;13:00;17:00;1/07/2016;11/07/2016
ECI;INTRODUÇÃO À INFORMÁTICA;DCC601;TB1;50;Segunda;19:00;22:30;1/07/2016;11/07/2016
ECI;Introdução à informática;DCC601;-;30;Segunda;19:00;22:30;1/07/2016;11/07/2016
FALE;INTRODUÇÃO À LITERATURA BRASILEIRA;-;-;50;Quarta;07:30;09:10;1/07/2016;11/07/2016
FALE;INTRODUÇÃO À LITERATURA BRASILEIRA;-;-;50;Quarta;09:20;11:00;1/07/2016;11/07/2016
FALE;INTRODUÇÃO À LITERATURA BRASILEIRA;-;-;50;Segunda;07:30;09:10;1/07/2016;11/07/2016
FALE;INTRODUÇÃO À LITERATURA BRASILEIRA;-;-;50;Segunda;09:20;11:00;1/07/2016;11/07/2016
FALE;INTRODUÇÃO À LITERATURA COMPARADA;-;-;50;Sexta;19:00;22:30;1/07/2016;11/07/2016
FALE;INTRODUÇÃO À LITERATURA COMPARADA;-;-;50;Sexta;19:00;22:30;1/07/2016;11/07/2016
FALE;INTRODUÇÃO À LITERATURA PORTUGUESA;-;-;50;Sexta;07:30;11:00;1/07/2016;11/07/2016
FAFICH;INTRODUÇÃO À PSICOLOGIA CLÍNICA;-;-;105;Segunda;07:30;11:00;1/07/2016;11/07/2016
FAFICH;INTRODUÇÃO À PSICOLOGIA DA PERSONALIDADE;-;A1;105;Terca;07:30;11:00;1/07/2016;11/07/2016
FAFICH;INTRODUÇÃO À TEORIA DEMOCRÁTICA;-;D/G;105;Quinta;07:30;09:10;1/07/2016;11/07/2016
FAFICH;INTRODUÇÃO À TEORIA DEMOCRÁTICA;-;D/G;105;Terca;07:30;09:10;1/07/2016;11/07/2016
FAFICH;INTRODUÇÃO À TEORIA DEMOCRÁTICA;-;R;63;Quinta;19:00;20:40;1/07/2016;11/07/2016
FAFICH;INTRODUÇÃO À TEORIA DEMOCRÁTICA;-;R;63;Terca;19:00;20:40;1/07/2016;11/07/2016
FALE;INTRODUÇÃO AOS ESTUDOS LINGUÍSTICOS I;-;-;50;Quarta;07:30;09:10;1/07/2016;11/07/2016
FALE;INTRODUÇÃO AOS ESTUDOS LINGUÍSTICOS I;-;-;50;Quarta;09:20;11:00;1/07/2016;11/07/2016
FALE;INTRODUÇÃO AOS ESTUDOS LINGUÍSTICOS I;-;-;50;Quarta;19:00;20:40;1/07/2016;11/07/2016
FALE;INTRODUÇÃO AOS ESTUDOS LINGUÍSTICOS I;-;-;50;Quarta;19:00;20:40;1/07/2016;11/07/2016
FALE;INTRODUÇÃO AOS ESTUDOS LINGUÍSTICOS I;-;-;50;Quarta;20:50;22:30;1/07/2016;11/07/2016
FALE;INTRODUÇÃO AOS ESTUDOS LINGUÍSTICOS I;-;-;50;Quarta;20:50;22:30;1/07/2016;11/07/2016
FALE;INTRODUÇÃO AOS ESTUDOS LINGUÍSTICOS I;-;-;50;Segunda;07:30;09:10;1/07/2016;11/07/2016
FALE;INTRODUÇÃO AOS ESTUDOS LINGUÍSTICOS I;-;-;50;Segunda;09:20;11:00;1/07/2016;11/07/2016
FALE;INTRODUÇÃO AOS ESTUDOS LINGUÍSTICOS I;-;-;50;Segunda;19:00;20:40;1/07/2016;11/07/2016
FALE;INTRODUÇÃO AOS ESTUDOS LINGUÍSTICOS I;-;-;50;Segunda;19:00;20:40;1/07/2016;11/07/2016
FALE;INTRODUÇÃO AOS ESTUDOS LINGUÍSTICOS I;-;-;50;Segunda;20:50;22:30;1/07/2016;11/07/2016
FALE;INTRODUÇÃO AOS ESTUDOS LINGUÍSTICOS I;-;-;50;Segunda;20:50;22:30;1/07/2016;11/07/2016
FALE;INTRODUÇÃO AOS ESTUDOS LINGUÍSTICOS II;-;-;50;Quarta;09:20;11:00;1/07/2016;11/07/2016
FALE;INTRODUÇÃO AOS ESTUDOS LINGUÍSTICOS II;-;-;50;Quarta;19:00;20:40;1/07/2016;11/07/2016
FALE;INTRODUÇÃO AOS ESTUDOS LINGUÍSTICOS II;-;-;50;Quarta;20:50;22:30;1/07/2016;11/07/2016
FALE;INTRODUÇÃO AOS ESTUDOS LINGUÍSTICOS II;-;-;50;Segunda;09:20;11:00;1/07/2016;11/07/2016
FALE;INTRODUÇÃO AOS ESTUDOS LINGUÍSTICOS II;-;-;50;Segunda;19:00;20:40;1/07/2016;11/07/2016
FALE;INTRODUÇÃO AOS ESTUDOS LINGUÍSTICOS II;-;-;50;Segunda;20:50;22:30;1/07/2016;11/07/2016
FAFICH;INTRODUÇÃO ÀS CIÊNCIAS SOCIOAMBIENTAIS;UNI033;TSA;30;Sexta;19:00;22:30;1/07/2016;11/07/2016
FAFICH;INTRODUÇÃO ESTUDOS LINGUAGEM;-;MX;63;Sexta;07:30;11:10;1/07/2016;11/07/2016
FAFICH;INTRODUÇÃO ESTUDOS LINGUAGEM;-;NX;63;Sexta;19:00;22:30;1/07/2016;11/07/2016
FALE;ITALIANO BI - 1º;-;6;30;Segunda;17:00;18:40;1/07/2016;11/07/2016
FALE;ITALIANO BI - 1º;-;7;30;Quarta;17:00;18:40;1/07/2016;11/07/2016
FACE;LABORATÓRIO CONTÁBIL;-;-;100;Segunda;20:50;22:30;1/07/2016;11/07/2016
EBA;LEGISLAÇÃO DE PATRIMÔNIO E PREPARAÇÃO DE PROJETOS;-;-;30;Segunda;13:30;16:00;1/07/2016;11/07/2016
ECI;LEITURA E FORMAÇÃO DO LEITOR;-;-;55;Quinta;19:00;22:30;1/07/2016;11/07/2016
FALE;LINGUA FRANCESA I;-;-;50;Quinta;19:00;20:40;1/07/2016;11/07/2016
FALE;LINGUA FRANCESA I;-;-;50;Terca;19:00;20:40;1/07/2016;11/07/2016
FALE;LÍNGUA ITALIANA III;-;-;50;Quinta;19:00;20:40;1/07/2016;11/07/2016
FALE;LÍNGUA ITALIANA III;-;-;50;Terca;19:00;20:40;1/07/2016;11/07/2016
FAFICH;LINGUAGEM, TÉCNICAS E PROCESSOS DO JORNALISMO;-;NX;63;Quinta;19:00;22:30;1/07/2016;11/07/2016
ECI;LINGUAGENS DE INDEXAÇÃO;-;-;40;Terca;19:00;22:30;1/07/2016;11/07/2016
ECI;LINGUAGENS DE INDEXAÇÃO;-;-;50;Terca;14:00;17:40;1/07/2016;11/07/2016
ECI;LINGUAGENS DE INDEXAÇÃO;-;-;55;Quinta;19:00;22:30;1/07/2016;11/07/2016
FALE;LINGUÍSTICA APLICADA: A INTEGRAÇÃO DOS EIXOS DE ENSINO DE LÍNGUA PORT.;-;-;50;Quinta;09:20;11:00;1/07/2016;11/07/2016
FALE;LINGUÍSTICA APLICADA: A INTEGRAÇÃO DOS EIXOS DE ENSINO DE LÍNGUA PORT.;-;-;50;Terca;09:20;11:00;1/07/2016;11/07/2016
FALE;LINGUÍSTICA APLICADA: O ENSINO DE VOCABULÁRIO NO LIVRO DIDÁTICO;-;-;50;Quinta;09:20;11:00;1/07/2016;11/07/2016
FALE;LINGUÍSTICA APLICADA: O ENSINO DE VOCABULÁRIO NO LIVRO DIDÁTICO;-;-;50;Terca;09:20;11:00;1/07/2016;11/07/2016
FALE;LINGUÍSTICA APLICADA: PRÁTICAS DE ESCRITA E ESCOLA;-;-;50;Quinta;07:30;09:10;1/07/2016;11/07/2016
FALE;LINGUÍSTICA APLICADA: PRÁTICAS DE ESCRITA E ESCOLA;-;-;50;Terca;07:30;09:10;1/07/2016;11/07/2016
FACE;LOGÍSTICA E GERENCIAMENTO DE CADEIAS DE SUPRIMENTOS;-;-;100;Quinta;07:30;09:10;1/07/2016;11/07/2016
FACE;LOGÍSTICA E GERENCIAMENTO DE CADEIAS DE SUPRIMENTOS;-;-;100;Segunda;07:30;09:10;1/07/2016;11/07/2016
FACE;MACROECONOMIA I;-;-;90;Quinta;09:20;11:00;1/07/2016;11/07/2016
FACE;MACROECONOMIA I;-;-;90;Terca;07:30;09:30;1/07/2016;11/07/2016
ENG;MANIPULADORES ROBÓTICOS;-;B;42;Quinta;09:25;11:05;1/07/2016;11/07/2016
ENG;MANIPULADORES ROBÓTICOS;-;B;42;Terca;09:25;11:05;1/07/2016;11/07/2016
ENG;MANUTENÇÃO DE AERONAVES I;EMA062;EA;25;Quinta;14:55;16:35;1/07/2016;11/07/2016
ENG;MANUTENÇÃO DE AERONAVES I;EMA062;EA;25;Terca;14:55;16:35;1/07/2016;11/07/2016
ENG;MECÂNICA DO VOO;-;EA;42;Quinta;13:00;14:40;1/07/2016;11/07/2016
ENG;MECÂNICA DO VOO;-;EA;42;Terca;13:00;14:40;1/07/2016;11/07/2016
ECI;MEMÓRIA E PATRIMÔNIO CULTURAL;-;-;40;Segunda;07:30;11:10;1/07/2016;11/07/2016
ECI;Memória e Patrimônio Cultural;-;-;30;Sexta;07:30;11:10;1/07/2016;11/07/2016
FAFICH;MERCADOLOGIA;-;MX;63;Quarta;07:30;11:10;1/07/2016;11/07/2016
ENG;METOD. MOD. PLAN. ENERGÉTICO C;-;-;42;Quinta;13:00;13:50;1/07/2016;11/07/2016
ENG;METOD. MOD. PLAN. ENERGÉTICO C;-;-;42;Terca;13:00;13:50;1/07/2016;11/07/2016
ECI;Metodologia da Pesquisa Histórica em Museus;-;-;30;Segunda;07:30;11:10;1/07/2016;11/07/2016
EBA;METODOLOGIA DA PESQUISA: ARTE;-;-;30;Segunda;08:00;12:00;1/07/2016;11/07/2016
FAFICH;METODOLOGIA PESQUISA CIENTÍFICA COMUNICAÇÃO;-;MX;63;Segunda;07:30;11:10;1/07/2016;11/07/2016
ECI;MÉTODOS E TÉCNICAS DE PESQUISA;-;-;43;Sexta;19:00;22:30;1/07/2016;11/07/2016
ECI;MÉTODOS E TÉCNICAS DE PESQUISA;-;-;50;Quinta;14:00;17:40;1/07/2016;11/07/2016
ECI;MÉTODOS E TÉCNICAS DE PESQUISA;-;-;55;Quarta;19:00;22:30;1/07/2016;11/07/2016
ECI;Métodos e técnicas de pesquisa;-;-;30;Segunda;07:30;11:10;1/07/2016;11/07/2016
FAFICH;MÉTODOS QUALITATIVOS;-;-;105;Segunda;07:30;11:00;1/07/2016;11/07/2016
FACE;MÉTODOS QUANT. APICADOS I;-;-;100;Quarta;19:00;20:40;1/07/2016;11/07/2016
FACE;MÉTODOS QUANT. APICADOS I;-;-;100;Sexta;20:50;22:30;1/07/2016;11/07/2016
FACE;MÉTODOS QUANT. APLIC. CONT. FINANÇAS;-;-;100;Quinta;20:50;22:30;1/07/2016;11/07/2016
FACE;MÉTODOS QUANT. APLIC. CONT. FINANÇAS;-;-;100;Segunda;19:00;20:40;1/07/2016;11/07/2016
FACE;MICROECONOMIA A I;ECN061;A;90;Sexta;07:30;09:10;1/07/2016;11/07/2016
FACE;MICROECONOMIA A IV;-;A;100;Quinta;09:20;11:00;1/07/2016;11/07/2016
FACE;MICROECONOMIA A IV;-;A;100;Segunda;09:20;11:00;1/07/2016;11/07/2016
FAFICH;MODERNIDADE E MUDANÇA SOCIAL;-;A;63;Segunda;13:30;17:10;1/07/2016;11/07/2016
FAFICH;MODERNIDADE E MUDANÇA SOCIAL;-;H;42;Quarta;09:30;11:10;1/07/2016;11/07/2016
FAFICH;MODERNIDADE E MUDANÇA SOCIAL;-;H;42;Segunda;09:30;11:10;1/07/2016;11/07/2016
FAFICH;MODERNIDADE E MUDANÇA SOCIAL;-;T;105;Sexta;07:30;11:10;1/07/2016;11/07/2016
FAFICH;MODERNIDADE E MUDANÇA SOCIAL;-;U;63;Sexta;07:30;11:10;1/07/2016;11/07/2016
FALE;MORFOLOGIA DO PORTUGUÊS;-;-;50;Quinta;09:20;11:00;1/07/2016;11/07/2016
FALE;MORFOLOGIA DO PORTUGUÊS;-;-;50;Quinta;19:00;20:40;1/07/2016;11/07/2016
FALE;MORFOLOGIA DO PORTUGUÊS;-;-;50;Quinta;20:50;22:30;1/07/2016;11/07/2016
FALE;MORFOLOGIA DO PORTUGUÊS;-;-;50;Terca;09:20;11:00;1/07/2016;11/07/2016
FALE;MORFOLOGIA DO PORTUGUÊS;-;-;50;Terca;19:00;20:40;1/07/2016;11/07/2016
FALE;MORFOLOGIA DO PORTUGUÊS;-;-;50;Terca;20:50;22:30;1/07/2016;11/07/2016
ENG;MULTIMÍDIA;-;-;42;Segunda;09:25;12:00;1/07/2016;11/07/2016
ECI;MUSEOLOGIA;-;-;45;Segunda;14:00;17:40;1/07/2016;11/07/2016
FAFICH;NARRATIVA JORNALÍSTICA;-;MX;63;Quinta;08:00;11:40;1/07/2016;11/07/2016
FAFICH;O DISCURSO MIDIÁTICO E A VIDA SOCIAL;-;U;63;Sexta;07:30;11:10;1/07/2016;11/07/2016
FALE;OFICINA DE LÍNGUA PORTUGUESA: LEITURA E PRODUÇÃO DE TEXTO;-;-;50;Sexta;07:30;11:00;1/07/2016;11/07/2016
FALE;OFICINA DE LÍNGUA PORTUGUESA: LEITURA E PRODUÇÃO DE TEXTO;-;-;50;Sexta;07:30;11:00;1/07/2016;11/07/2016
FALE;OFICINA DE LÍNGUA PORTUGUESA: LEITURA E PRODUÇÃO DE TEXTO;-;-;50;Sexta;19:00;22:30;1/07/2016;11/07/2016
ECI;ORGANIZAÇÃO BIBLIOGRÁFICA NACIONAL;-;-;45;Quarta;07:30;11:10;1/07/2016;11/07/2016
ECI;ORGANIZAÇÃO E MÉTODOS APLICADOS A ARQUIVOLOGIA;-;-;40;Quinta;19:00;22:30;1/07/2016;11/07/2016
FAFICH;ORIENTAÇÃO DE CARREIRA;-;-;105;Segunda;17:00;18:40;1/07/2016;11/07/2016
EBA;PANORAMA DA ARTE DIGITAL;-;-;30;Sexta;18:30;22:00;1/07/2016;11/07/2016
EBA;PANORAMA DO CINEMA;-;-;30;Sexta;18:30;22:00;1/07/2016;11/07/2016
EBA;PANORAMA DO VESTUÁRIO;-;-;30;Segunda;19:00;22:30;1/07/2016;11/07/2016
ECI;Patrimônio Cultural no Mundo Moderno e Contemporâneo;-;-;30;Terca;07:30;11:10;1/07/2016;11/07/2016
FAFICH;PESQUISA DE MERCADO;-;MX;63;Quarta;07:30;09:10;1/07/2016;11/07/2016
FAFICH;PESQUISA DE MERCADO;-;MX;63;Segunda;07:30;09:10;1/07/2016;11/07/2016
FAFICH;PLANEJAMENTO DA COMUNICAÇÃO ORGANIZACIONAL;-;MX;63;Terca;07:30;11:10;1/07/2016;11/07/2016
FAFICH;PLANEJAMENTO DA COMUNICAÇÃO ORGANIZACIONAL;-;NX;63;Terca;19:00;22:30;1/07/2016;11/07/2016
FAFICH;PLANEJAMENTO DE COMUNICAÇÃO;-;-;63;Segunda;13:30;17:10;1/07/2016;11/07/2016
FAFICH;PLANEJAMENTO DE MÍDIA;-;MX;42;Segunda;07:30;11:10;1/07/2016;11/07/2016
FACE;PLANEJAMENTO ESTRATÉGICO EM TURISMO;-;-;50;Segunda;13:30;17:10;1/07/2016;11/07/2016
ECI;PLANEJAMENTO UNID. E SIST. DE INFORMAÇÃO;TGI035;TM;40;Terca;07:30;11:10;1/07/2016;11/07/2016
FAE;POLÍTICA EDUCACIONAL;-;A;40;Segunda;07:00;11:00;1/07/2016;11/07/2016
FAE;POLÍTICA EDUCACIONAL;-;B;40;Terca;07:00;11:00;1/07/2016;11/07/2016
FAE;POLÍTICA EDUCACIONAL;-;F;40;Terca;13:50;17:30;1/07/2016;11/07/2016
FAE;POLÍTICA EDUCACIONAL;-;G;40;Sexta;13:50;17:30;1/07/2016;11/07/2016
FAE;POLÍTICA EDUCACIONAL;-;J;40;Sexta;19:00;22:30;1/07/2016;11/07/2016
FAFICH;POLÍTICA: INTRODUÇÃO À TEORIA DEMOCRÁTICA;-;T/U;105;Sexta;07:30;11:10;1/07/2016;11/07/2016
FACE;POPULAÇÃO, DESENVOLVIMENTO E PLANEJAMENTO;POP004;-;25;Quinta;19:00;20:40;1/07/2016;11/07/2016
FACE;POPULAÇÃO, DESENVOLVIMENTO E PLANEJAMENTO;POP004;-;30;Terca;19:00;20:40;1/07/2016;11/07/2016
FALE;PORT. LINGUA ADICIONAL - PRODUÇÃO ORAL E ESCRITA;UNI047;-;30;Quarta;17:00;18:40;1/07/2016;11/07/2016
FALE;PORT. LINGUA ADICIONAL - PRODUÇÃO ORAL E ESCRITA;UNI047;-;30;Segunda;17:00;18:40;1/07/2016;11/07/2016
FALE;PORTUGUÊS LÍNGUA ADICIONAL;-;-;30;Quinta;10:30;11:30;1/07/2016;11/07/2016
FALE;PORTUGUÊS LÍNGUA ADICIONAL;-;-;30;Quinta;10:30;11:30;1/07/2016;11/07/2016
FALE;PORTUGUÊS LÍNGUA ADICIONAL - BÁSICO;UNI045;-;30;Quinta;11:30;13:10;1/07/2016;11/07/2016
FALE;PORTUGUÊS LÍNGUA ADICIONAL - BÁSICO;UNI045;-;30;Terca;11:30;13:10;1/07/2016;11/07/2016
FALE;PORTUGUÊS LÍNGUA ADICIONAL - ESCRITA ACADÊMICA;UNI048;-;30;Quarta;17:00;18:40;1/07/2016;11/07/2016
FALE;PORTUGUÊS LÍNGUA ADICIONAL - ESCRITA ACADÊMICA;UNI048;-;30;Segunda;17:00;18:40;1/07/2016;11/07/2016
FALE;PORTUGUÊS LÍNGUA ADICIONAL- INTERMEDIÁRIO;UNI046;A;30;Terca;11:30;13:10;1/07/2016;11/07/2016
FALE;PORTUGUÊS LÍNGUA ADICIONAL- INTERMEDIÁRIO;UNI046;B;30;Quarta;11:30;13:10;1/07/2016;11/07/2016
FALE;PORTUGUÊS LÍNGUA ADICIONAL- INTERMEDIÁRIO;UNI046;B;30;Segunda;11:30;13:10;1/07/2016;11/07/2016
FALE;PORTUGUÊS LÍNGUA ADICIONAL- INTERMEDIÁRIO;UNI046;A;30;Quinta;11:30;13:10;1/07/2016;11/07/2016
FAFICH;PRÁTICA DE PESQUISA V;-;-;63;Quarta;20:40;22:30;1/07/2016;11/07/2016
FAFICH;PRÁTICA DE PESQUISA V;-;-;63;Segunda;20:40;22:30;1/07/2016;11/07/2016
ECI;PRESERVAÇÃO DO ACERVO;-;-;40;Segunda;19:00;22:30;07/04/2016;02/06/2016
ECI;PRESERVAÇÃO DO ACERVO;-;-;55;Terca;19:00;22:30;1/07/2016;31/03/2016
ICEX;PROBABILIDADE E PROCESSOS ESTOCÁSTICOS;-;TA;60;Quarta;07:30;09:10;1/07/2016;11/07/2016
ICEX;PROBABILIDADE E PROCESSOS ESTOCÁSTICOS;-;TA;60;Segunda;07:30;09:10;1/07/2016;11/07/2016
FAFICH;PROCESSOS DE CRIAÇÃO EM MÍDIAS DIGITAIS;-;MX;63;Sexta;07:30;11:10;1/07/2016;11/07/2016
ENG;PROCESSOS DE FABRICAÇÃO;-;-;42;Quinta;09:25;11:05;1/07/2016;11/07/2016
ENG;PROCESSOS DE FABRICAÇÃO;-;-;42;Terca;09:25;11:05;1/07/2016;11/07/2016
FALE;PROCESSOS DE LEGITIMAÇÃO DAS TEORIAS DO BALÉ CLÁSSICO;-;-;30;Segunda;12:30;14:30;1/07/2016;11/07/2016
ENG;PROCESSOS METALÚRGICOS;-;-;63;Segunda;09:25;11:05;1/07/2016;11/07/2016
FAFICH;PROCESSOS PSICOLÓGICOS BÁSICOS;-;-;105;Sexta;07:30;11:00;1/07/2016;11/07/2016
ENG;PROJ. AMP-OP E CIRC. ANA. INTEGRADOS;-;-;63;Quarta;09:25;11:05;1/07/2016;11/07/2016
ENG;PROJ. AMP-OP E CIRC. ANA. INTEGRADOS;-;-;63;Segunda;09:25;11:05;1/07/2016;11/07/2016
ENG;PROJETO DE AERONAVES I;-;-;25;Quinta;07:30;10:15;1/07/2016;11/07/2016
ENG;PROJETO DE AERONAVES I;-;-;25;Terca;07:30;09:10;1/07/2016;11/07/2016
FAFICH;PROJETOS AII;-;-;63;Quarta;07:30;11:10;1/07/2016;11/07/2016
FAFICH;PROJETOS BI - JORNALISMO;-;MX;42;Sexta;07:30;11:10;1/07/2016;11/07/2016
FAFICH;PROJETOS BII - JORNALISMO;-;NX;42;Sexta;19:00;22:30;1/07/2016;11/07/2016
FAFICH;PROJETOS C - JORNALISMO;-;-;42;Sexta;07:30;11:10;1/07/2016;11/07/2016
ENG;PROJETOS DE SISTEMAS EMBUTIDOS;-;-;42;Quarta;09:25;11:05;1/07/2016;11/07/2016
ENG;PROJETOS DE SISTEMAS EMBUTIDOS;-;-;42;Segunda;09:25;11:05;1/07/2016;11/07/2016
ENG;PROPULSÃO I;-;-;42;Quinta;14:55;16:35;1/07/2016;11/07/2016
ENG;PROPULSÃO I;-;-;42;Terca;14:55;16:35;1/07/2016;11/07/2016
FAFICH;PSICANÁLISE I;-;-;105;Segunda;07:30;11:00;1/07/2016;11/07/2016
FAFICH;PSICANÁLISE II;-;-;105;Segunda;07:30;11:00;1/07/2016;11/07/2016
FAFICH;PSICOLOGIA COGNITIVA;-;-;105;Quarta;13:00;16:30;1/07/2016;11/07/2016
FAE;PSICOLOGIA DA EDUCAÇÃO;CAE002;A;40;Terca;07:00;11:00;1/07/2016;11/07/2016
FAE;PSICOLOGIA DA EDUCAÇÃO;CAE002;J;40;Quarta;19:00;22:30;1/07/2016;11/07/2016
FAE;PSICOLOGIA DA EDUCAÇÃO;CAE002;K;40;Segunda;19:00;22:30;1/07/2016;11/07/2016
FAE;PSICOLOGIA DA EDUCAÇÃO;CAE002;L;40;Quinta;19:00;22:30;1/07/2016;11/07/2016
FAE;PSICOLOGIA DA EDUCAÇÃO;CAE002;N;40;Quarta;19:00;22:30;1/07/2016;11/07/2016
FAFICH;PSICOLOGIA DO DESENV. II;-;-;105;Quarta;07:30;11:00;1/07/2016;11/07/2016
FAFICH;PSICOLOGIA DO TRABALHO A;-;A;105;Quinta;07:30;11:00;1/07/2016;11/07/2016
FAFICH;PSICOLOGIA ESCOLAR;-;-;105;Quarta;07:30;11:00;1/07/2016;11/07/2016
FAFICH;PSICOLOGIA ESCOLAR E PROBLEMAS DE APRENDIZAGEM TURMA FONO;-;-;63;Quarta;13:00;16:30;1/07/2016;11/07/2016
FAFICH;PSICOLOGIA NO BRASIL;-;-;105;Quarta;13:00;16:30;1/07/2016;11/07/2016
FAFICH;PSICOLOGIA PARA FONOAUDIOLOGIA;-;-;105;Segunda;13:00;16:30;1/07/2016;11/07/2016
FAFICH;PSICOLOGIA SOCIAL II;-;-;105;Terca;13:00;16:30;1/07/2016;11/07/2016
EBA;RECEPÇÃO DE CALOUROS DE DESIGN DE MODA;-;-;50;Terca;19:00;22:30;1/07/2016;11/07/2016
IGC;REPRESENTAÇÃO ESPACIAL EM GEOGRAFIA;GEO323;NA;50;Segunda;19:00;22:30;1/07/2016;11/07/2016
IGC;REPRESENTAÇÃO ESPACIAL EM GEOGRAFIA;GEO323;NB;50;Terca;19:00;22:30;1/07/2016;11/07/2016
FAFICH;SANEAMENTO AMBIENTAL;ESA135;TA;30;Quarta;19:00;20:40;1/07/2016;11/07/2016
FAFICH;SANEAMENTO AMBIENTAL;ESA135;TA;30;Segunda;19:00;20:40;1/07/2016;11/07/2016
FAFICH;SAÚDE MENTAL: DIÁLOGOS UNIVERSITÁRIOS;-;-;100;Quinta;18:00;22:00;1/07/2016;11/07/2016
FALE;SEMÂNTICA DO PORTUGUÊS;-;-;50;Quinta;19:00;20:40;1/07/2016;11/07/2016
FALE;SEMÂNTICA DO PORTUGUÊS;-;-;50;Terca;19:00;20:40;1/07/2016;11/07/2016
FALE;Seminário de literaturas de língua inglesa;-;-;30;Terca;14:00;17:40;13/05/2016;3/06/2016
FALE;SEMINÁRIO DE TÓPICO VARIÁVEL EM LINGUÍSTICA APLICADA;-;-;30;Terca;14:00;18:00;1/07/2016;11/07/2016
ECI;SERVIÇOS DE DISSEMINAÇÃO DA INFORMAÇÃO;-;-;45;Quinta;07:30;11:10;1/07/2016;11/07/2016
FALE;SINTAXE DO PORTUGUÊS;-;-;50;Quinta;19:00;20:40;1/07/2016;11/07/2016
FALE;SINTAXE DO PORTUGUÊS;-;-;50;Quinta;20:50;22:30;1/07/2016;11/07/2016
FALE;SINTAXE DO PORTUGUÊS;-;-;50;Terca;19:00;20:40;1/07/2016;11/07/2016
FALE;SINTAXE DO PORTUGUÊS;-;-;50;Terca;20:50;22:30;1/07/2016;11/07/2016
FALE;SÍNTAXE DO PORTUGUÊS;-;-;50;Quinta;07:30;09:10;1/07/2016;11/07/2016
FALE;SÍNTAXE DO PORTUGUÊS;-;-;50;Terca;07:30;09:10;1/07/2016;11/07/2016
ECI;SISTEMAS DE CLASSIFICAÇÃO: CDD;-;-;55;Quarta;19:00;22:30;1/07/2016;11/07/2016
ECI;SISTEMAS DE CLASSIFICAÇÃO: CDU;-;-;45;Terca;07:30;11:10;1/07/2016;11/07/2016
ECI;SISTEMAS DE RECUPERAÇÃO DA INFORMAÇÃO;-;-;40;Sexta;07:30;11:10;1/07/2016;11/07/2016
ENG;SISTEMAS DE TELEFONIA;-;-;42;Quarta;09:25;12:00;1/07/2016;11/07/2016
ENG;SISTEMAS DINÂMICOS LINEARES;-;A;70;Quinta;07:30;11:05;1/07/2016;11/07/2016
ENG;SISTEMAS DINÂMICOS LINEARES;-;A;70;Terca;07:30;09:10;1/07/2016;11/07/2016
FAE;SOCIOLOGIA DA EDUCAÇÃO;CAE001;A;40;Quinta;07:00;11:00;1/07/2016;11/07/2016
FAE;SOCIOLOGIA DA EDUCAÇÃO;CAE001;A1;40;Sexta;07:00;11:00;1/07/2016;11/07/2016
FAE;SOCIOLOGIA DA EDUCAÇÃO;CAE001;J;40;Segunda;19:00;22:30;1/07/2016;11/07/2016
FAE;SOCIOLOGIA DA EDUCAÇÃO;CAE001;N;40;Segunda;19:00;22:30;1/07/2016;11/07/2016
FAFICH;SOCIOLOGIA I;-;-;105;Quarta;13:00;17:00;1/07/2016;11/07/2016
FAFICH;SUPERVISÃO DE ESTÁGIO;-;-;30;Segunda;09:00;12:00;1/07/2016;11/07/2016
FAFICH;TCS: MÍDIA, GÊNERO E SEXUALIDADE MGS;-;-;63;Segunda;19:00;22:30;1/07/2016;11/07/2016
FAFICH;TEC. EXAME PSI I;-;A;105;Quarta;07:30;09:10;1/07/2016;11/07/2016
FAFICH;TÉC. EXAME PSI. II;-;A;105;Quinta;07:30;09:10;1/07/2016;11/07/2016
FAFICH;TÉCNICA DE COMUNICAÇÃO DIRIGIDA;-;NX;63;Quarta;19:00;22:30;1/07/2016;11/07/2016
EBA;TÉCNICAS DE INDUSTRIALIZAÇÃO;-;-;30;Segunda;19:00;22:30;1/07/2016;11/07/2016
FAFICH;TÉCNICAS E PROCESSOS DE RELAÇÕES PÚBLICAS;-;NX;63;Terca;19:00;22:30;1/07/2016;11/07/2016
EBA;TECNOLOGIA TÊXTIL;-;-;30;Quinta;19:00;22:30;1/07/2016;11/07/2016
FALE;TEORIA DA LITERATURA I;-;-;50;Quarta;19:00;20:40;1/07/2016;11/07/2016
FALE;TEORIA DA LITERATURA I;-;-;50;Quarta;19:00;20:40;1/07/2016;11/07/2016
FALE;TEORIA DA LITERATURA I;-;-;50;Quarta;20:50;22:30;1/07/2016;11/07/2016
FALE;TEORIA DA LITERATURA I;-;-;50;Segunda;19:00;20:40;1/07/2016;11/07/2016
FALE;TEORIA DA LITERATURA I;-;-;50;Segunda;19:00;20:40;1/07/2016;11/07/2016
FALE;TEORIA DA LITERATURA I;-;-;50;Segunda;20:50;22:30;1/07/2016;11/07/2016
FALE;TEORIA DA LITERATURA I;-;-;100;Quarta;20:50;22:30;1/07/2016;11/07/2016
FALE;TEORIA DA LITERATURA I;-;-;100;Segunda;20:50;22:30;1/07/2016;11/07/2016
FALE;TEORIA DA LITERATURA II;-;-;50;Quarta;07:30;09:10;1/07/2016;11/07/2016
FALE;TEORIA DA LITERATURA II;-;-;50;Quarta;09:20;11:00;1/07/2016;11/07/2016
FALE;TEORIA DA LITERATURA II;-;-;50;Quarta;19:00;20:40;1/07/2016;11/07/2016
FALE;TEORIA DA LITERATURA II;-;-;50;Quarta;19:00;20:40;1/07/2016;11/07/2016
FALE;TEORIA DA LITERATURA II;-;-;50;Quarta;20:50;22:30;1/07/2016;11/07/2016
FALE;TEORIA DA LITERATURA II;-;-;50;Segunda;07:30;09:10;1/07/2016;11/07/2016
FALE;TEORIA DA LITERATURA II;-;-;50;Segunda;09:20;11:00;1/07/2016;11/07/2016
FALE;TEORIA DA LITERATURA II;-;-;50;Segunda;19:00;20:40;1/07/2016;11/07/2016
FALE;TEORIA DA LITERATURA II;-;-;50;Segunda;19:00;20:40;1/07/2016;11/07/2016
FALE;TEORIA DA LITERATURA II;-;-;50;Segunda;20:50;22:30;1/07/2016;11/07/2016
ENG;TEORIA DE CONTROLE;EMA028;EA;30;Quinta;14:55;16:35;1/07/2016;11/07/2016
ENG;TEORIA DE CONTROLE;EMA028;EA;30;Terca;14:55;16:35;1/07/2016;11/07/2016
FACE;TEORIAS DA ADMINISTRAÇÃO I;-;CAD152;30;Quarta;19:00;20:40;1/07/2016;11/07/2016
FACE;TEORIAS DA ADMINISTRAÇÃO I;-;CAD152;30;Quarta;20:40;22:30;1/07/2016;11/07/2016
FACE;TEORIAS DA ADMINISTRAÇÃO I;-;CAD152;30;Sexta;20:50;22:30;1/07/2016;11/07/2016
FAFICH;TEORIAS DA COMUNICAÇÃO;-;-;63;Quarta;07:30;09:10;1/07/2016;11/07/2016
FAFICH;TEORIAS DA COMUNICAÇÃO;-;-;63;Segunda;07:30;09:10;1/07/2016;11/07/2016
FAFICH;TEORIAS DA OPINIÃO PÚBLICA;-;NX;42;Segunda;19:00;22:30;1/07/2016;11/07/2016
ECI;TEORIAS DA ORGANIZAÇÃO;-;-;57;Terca;19:00;22:30;1/07/2016;11/07/2016
IGC;TEORIAS E MÉTODOS EM GEOGRAFIA;GEO370;U;47;Quarta;07:30;11:30;1/07/2016;11/07/2016
FAFICH;TERRITORIALIDADES E POVOS TRADICIONAIS;SOA092;TSA;30;Quarta;20:50;22:30;1/07/2016;11/07/2016
FAFICH;TERRITORIALIDADES E POVOS TRADICIONAIS;SOA092;TSA;30;Segunda;20:50;22:30;1/07/2016;11/07/2016
FAFICH;TOP ESPECIAIS EM PROCESSOS QUÍMICOS: INTRODUÇÃO GESTALT;-;-;63;Quarta;07:30;11:00;1/07/2016;11/07/2016
EBA;TÓP. ARTES PLÁSTICAS: EDUCAÇÃO AMBIENTAL;-;-;30;Quinta;08:00;12:00;1/07/2016;11/07/2016
EBA;TÓP. ARTES PLÁSTICAS: HISTÓRIA DA ARTE E MUSEUS;-;-;30;Quarta;08:30;12:00;1/07/2016;11/07/2016
EBA;TÓP. ARTES PLÁSTICAS: RELAÇÕES ÉTNICOS RACIAIS E CULTURA AFRO-BRASILEIRA;-;-;30;Sexta;13:00;17:30;1/07/2016;11/07/2016
EBA;TÓP. CINEMA B: POLÍTICAS DO CINEMA E CAMPO PROFISSIONAL;-;-;30;Sexta;14:00;17:00;1/07/2016;11/07/2016
EBA;TÓP. CINEMA B: POLÍTICAS DO CINEMA E CAMPO PROFISSIONAL;-;-;30;Terca;14:00;17:00;1/07/2016;11/07/2016
EBA;TÓP. CONS. REST.: VISITAS ORIENTAIS;-;-;30;Quarta;13:30;17:00;1/07/2016;11/07/2016
EBA;TÓP. CONSER. REST.: PERIGOS QUÍMICOS E TRATAMENTO DE RESÍDUOS EM ATELIÊ;-;-;30;Sexta;15:30;17:00;1/07/2016;11/07/2016
EBA;TÓP. CONSER. REST.: SOLVENTES E SOLUBILIDADE;-;-;30;Sexta;13:30;15:00;1/07/2016;11/07/2016
EBA;TÓP. CONSERV. RESTAUR.: EDUCAÇÃO E PATRIMÔNIO;-;-;30;Quarta;13:00;17:30;1/07/2016;11/07/2016
EBA;TÓP. CONSERV. RESTAUR.: HISTÓRIA DO LIVRO;-;-;30;Quinta;13:30;17:30;1/07/2016;11/07/2016
EBA;TÓP. CONSERV. RESTAUR.: PLANEJAMENTO DE ESPAÇOS MUSEAIS P/ CONSERVAÇÃO;-;-;30;Segunda;13:30;18:00;1/07/2016;11/07/2016
EBA;TÓP. CONSERV. RESTAUR.: PORTIFÓLIO;-;-;30;Terca;11:00;12:00;1/07/2016;11/07/2016
EBA;TÓP. CONSERV. RESTAURAÇÃO: PRÉ-PROJETO;-;-;30;Quinta;13:30;17:00;1/07/2016;11/07/2016
ENG;TÓP. ENGENHARIA QUÍMICA C FUNDAMENTOS DE POLÍMEROS;-;-;42;Segunda;09:25;11:05;1/07/2016;11/07/2016
ECI;TÓPICO EM GESTÃO INFORMAÇÃO CONHECIMENTO;-;D;46;Sexta;19:00;22:30;1/07/2016;11/07/2016
ECI;TÓPICOS EM CONHECIMENTO MUSEAL E DIFUSÃO CULTURAL;-;-;45;Sexta;07:30;11:10;1/07/2016;11/07/2016
FALE;TÓPICOS EM DRAMATURGIA E TEATRO B: O REAL, A REALIDADE E A CENA;-;-;50;Quinta;09:20;11:00;1/07/2016;11/07/2016
FALE;TÓPICOS EM DRAMATURGIA E TEATRO B: O REAL, A REALIDADE E A CENA;-;-;50;Terca;09:20;11:00;1/07/2016;11/07/2016
FAFICH;TÓPICOS EM FILOSOFIA CONTEMPORÂNEA;-;-;63;Quarta;19:00;20:40;1/07/2016;11/07/2016
FAFICH;TÓPICOS EM FILOSOFIA CONTEMPORÂNEA;-;-;63;Segunda;19:00;20:40;1/07/2016;11/07/2016
ECI;TÓPICOS EM FUNÇÕES ARQUIVÍSTICAS D: DESCRIÇÃO ARQUÍSTICA;-;-;25;Segunda;19:00;22:30;1/07/2016;11/07/2016
ENG;TÓPICOS EM GESTÃO DA PRODUÇÃO: FLUXOS EM REDES;-;P;45;Quinta;11:00;12:50;1/07/2016;11/07/2016
ENG;TÓPICOS EM GESTÃO DA PRODUÇÃO: FLUXOS EM REDES;-;P;45;Terca;11:00;12:50;1/07/2016;11/07/2016
ECI;TÓPICOS EM GESTÃO DE UNIDADES DE INFORMAÇÃO D: MODELO EM SISTEMAS DE INFORMAÇÃO;TGI057;TB1;30;Quinta;19:00;22:30;1/07/2016;11/07/2016
ECI;TÓPICOS EM GESTÃO INFORMAÇÃO CONHECIMENTO D (Fontes de informação e mídias alternativas);TGI053;TCB2;46;Sexta;19:00;22:30;1/07/2016;11/07/2016
ECI;TÓPICOS EM GESTÃO INFORMAÇÃO CONHECIMENTO D (Arquivos Escolares e Universitários);TGI053;TCB1;41;Segunda;19:00;22:30;1/07/2016;11/07/2016
ECI;TÓPICOS EM GESTÃO INFORMAÇÃO E CONHECIMENTO D (REDES COLABORATIVAS DE REF.);TGI053;TA2;30;Quinta;14:00;17:40;1/07/2016;11/07/2016
FAFICH;TÓPICOS EM GESTÃO PODER EXECUTIVO: Sistemas Governamentais Comparados;-;-;30;Sexta;20:50;22:30;1/07/2016;11/07/2016
FAFICH;TÓPICOS EM HISTÓRIA DO BRASIL;-;X;63;Terca;13:30;17:10;1/07/2016;11/07/2016
ECI;Tópicos em Informação de Cultura D (Introdução à informação audiovisual);TGI061;TC1;30;Terca;19:00;22:30;1/07/2016;11/07/2016
ECI;Tópicos em Informação e Cultura D;-;-;30;Terca;19:00;22:30;1/07/2016;11/07/2016
ECI;TÓPICOS EM INFORMAÇÃO E CULTURA D: DIREITOS E POLÍTICAS CULTURAIS NO BRASIL;-;-;45;Quinta;07:30;11:10;1/07/2016;11/07/2016
ECI;TÓPICOS EM INFORMAÇÃO E CULTURA D: HISTÓRIA E MEMÓRIA INSTITUCIONAL;-;-;30;Terca;19:00;22:30;1/07/2016;11/07/2016
ECI;TÓPICOS EM INFORMAÇÃO E CULTURA D: PALEOGRAFIA;-;-;43;Sexta;07:30;11:10;1/07/2016;11/07/2016
FAFICH;TÓPICOS EM LAB. COM. SOCIAL: ELEMENTOS DE COMUNICAÇÃO VISUAL;-;-;105;Sexta;07:30;11:10;1/07/2016;11/07/2016
FALE;TÓPICOS EM LETRAS: ESTUDO DAS FÁBULAS LATINAS: TRADUÇÃO E MÉTRICA;-;-;50;Quinta;14:00;15:40;1/07/2016;11/07/2016
FALE;TÓPICOS EM LINGUÍSTICA APLICADA AO ENSINO: PORTUGUÊS COMO SEGUND...;-;-;50;Quarta;09:20;11:00;1/07/2016;11/07/2016
FALE;TÓPICOS EM LINGUÍSTICA APLICADA AO ENSINO: PORTUGUÊS COMO SEGUND...;-;-;50;Segunda;09:20;11:00;1/07/2016;11/07/2016
EBA;TÓPICOS EM MODA;-;-;30;Terca;13:40;18:00;1/07/2016;11/07/2016
ECI;Tópicos em Museografia D: Gestão de Projetos de Exposição Museográfica;-;-;30;Sexta;07:30;11:10;1/07/2016;11/07/2016
ECI;TÓPICOS EM TECNOLOGIA DA INFORMAÇÃO;-;-;30;Quinta;07:30;11:10;1/07/2016;11/07/2016
FAFICH;TÓPICOS EM TEORIA PSICOLÓGICA CONTEMPORÂNEA: INTRODUÇÃO À PSICOLOGIA;-;-;105;Terca;07:30;1:00;1/07/2016;11/07/2016
FAFICH;TÓPICOS ESPECIAIS EM PROCESSO DE DESENVOLVIMENTO E AVALIAÇÃO PSICOLÓGICA;-;-;105;Sexta;13:00;16:30;1/07/2016;11/07/2016
FAFICH;TÓPICOS ESPECIAIS EM PROCESSOS CLÍNICOS;-;-;63;Sexta;07:30;11:00;1/07/2016;11/07/2016
FAFICH;TÓPICOS ESPECIAIS EM PROCESSOS CLÍNICOS: GESTALT TERAPIA III;-;-;105;Sexta;07:30;11:00;1/07/2016;11/07/2016
FAFICH;TÓPICOS ESPECIAIS EM PROCESSOS CLÍNICOS: INTRODUÇÃO À TCC;-;-;105;Terca;13:00;16:30;1/07/2016;11/07/2016
FAFICH;TÓPICOS ESPECIAIS EM PROCESSOS CLÍNICOS: NEUROSE OBSESSIVA;-;-;105;Segunda;07:30;11:00;1/07/2016;11/07/2016
FAFICH;TÓPICOS ESPECIAIS EM PROCESSOS CLÍNICOS: TRANSTORNOS ALIMENTARES;-;-;105;Quinta;13:00;16:30;1/07/2016;11/07/2016
FAFICH;TÓPICOS ESPECIAIS EM PROCESSOS DE DESENV. E AVALIAÇÃO PSICOLÓGICA;-;-;105;Quarta;13:00;16:30;1/07/2016;11/07/2016
FAFICH;TÓPICOS ESPECIAIS EM PROCESSOS DE DESENVOLVIMENTO E AVANALIAÇÃO PSICOLÓGICA;-;-;105;Terca;13:00;16:30;1/07/2016;11/07/2016
FAFICH;TÓPICOS ESPECIAIS EM PROCESSOS PSICOSSOCIAIS: O TRABALHO GRUPAL NAS INSTITUIÇÕES;-;-;63;Terca;13:00;16:30;1/07/2016;11/07/2016
FAFICH;TÓPICOS ESPECIAIS EM PROCESSOS PSICOSSOCIAIS: POLÍTICA E SAÚDE;-;-;63;Quarta;13:00;16:30;1/07/2016;11/07/2016
FAFICH;TÓPICOS ESPECIAIS EM PROCESSOS PSICOSSOCIAIS: REPRESENTAÇÕES SOCIAIS: TEORIA E PESQUISA;-;-;105;Sexta;07:30;11:00;1/07/2016;11/07/2016
FAFICH;TÓPICOS ESPECIAIS EM PSICANÁLISE: A PERVERSÃO;-;-;105;Quarta;13:00;16:30;1/07/2016;11/07/2016
FAFICH;TÓPICOS ESPECIAIS EM PSICANÁLISE: PSICANÁLISE E VIOLÊNCIA;-;-;105;Sexta;13:00;16:30;1/07/2016;11/07/2016
FAFICH;TÓPICOS ESPECIAIS EM PSICANÁLISE: PSICOLOGIA HOSPITALAR;-;-;105;Terca;13:00;16:30;1/07/2016;11/07/2016
FAFICH;TÓPICOS ESPECIAIS EM PSICANÁLISE: SOBRE A ADOÇÃO;-;-;105;Sexta;13:00;16:30;1/07/2016;11/07/2016
FAFICH;TÓPICOS ESPECIAIS EM PSICANÁLISE: SOBRE A CONTRA-TRANSFERÊNCIA;-;-;105;Quinta;13:00;16:30;1/07/2016;11/07/2016
FAFICH;TÓPICOS ESPECIAIS EM PSICANÁLISE: SOBRE A PULSÃO DE MORTE;-;-;105;Terca;13:00;16:30;1/07/2016;11/07/2016
FAFICH;TÓPICOS ESPECIAIS EM PSICOLOGIA CLÍNICA: PSISCOLOGIA E SAÚDE COLETIVA;-;-;105;Segunda;07:30;11:00;1/07/2016;11/07/2016
IGC;TÓPICOS PLANEJ. TURISMO I: ECONOMIA DO TURISMO;GEO047;T2;30;Terca;08:00;12:00;1/07/2016;11/07/2016
IGC;TÓPICOS PLANEJ. TURISMO I: MEDOLOGIA DA PESQUISA;GEO047;T8;30;Terca;13:30;17:30;1/07/2016;11/07/2016
IGC;TÓPICOS PLANEJ. TURISMO I: TRANSPORTE PÚBLICO;GEO047;T3;30;Terca;08:00;12:00;1/07/2016;11/07/2016
IGC;TÓPICOS PLANEJ. TURISMO I: VIABILIDADE ECONÔMICA;GEO047;T7;30;Quinta;13:30;17:30;1/07/2016;11/07/2016
FAFICH;TÓPICOS TEORIA PSICOLÓGICA CONTEMPORÂNEA: PSICOLOGIA TRANSPESSOAL;-;A4;105;Sexta;07:30;11:00;1/07/2016;11/07/2016
FAFICH;TÓPICOS TEORIA PSISCOLÓGICA CONTEMPORÂNEA;-;-;105;Quinta;13:00;16:30;1/07/2016;11/07/2016
EBA;TÓPICOS: ENTREVISTAS ARTISTAS;-;-;30;Quinta;13:30;17:00;1/07/2016;11/07/2016
EBA;TÓPICOS: FOTOGRAFIA: EVOLUÇÃO E CRÍTICA DA FOTOGRAFIA;-;-;30;Terca;13:30;17:30;1/07/2016;11/07/2016
ENG;TRÁFEGO URBANO;-;T;40;Quinta;09:25;11:05;1/07/2016;11/07/2016
ENG;TRÁFEGO URBANO;-;T;40;Sexta;09:25;11:05;1/07/2016;11/07/2016
ENG;TRATAMENTO DE ÁGUAS DE ABASTECIMENTOS;-;S;30;Quinta;13:00;14:40;1/07/2016;11/07/2016
ENG;TRATAMENTO DE ÁGUAS DE ABASTECIMENTOS;-;S;30;Terca;13:00;14:40;1/07/2016;11/07/2016
ENG;TRATAMENTO DE EFLUENTES INDUSTRIAIS;-;U;63;Terca;13:00;15:45;1/07/2016;11/07/2016
FALE;TURMA DE APOIO PEDAGÓGICO I;-;-;30;Quarta;17:30;19:00;1/07/2016;11/07/2016
FALE;TURMA DE APOIO PEDAGÓGICO I;-;-;30;Quinta;17:30;19:00;1/07/2016;11/07/2016
FALE;TURMA DE APOIO PEDAGÓGICO I;-;-;30;Segunda;17:30;19:00;1/07/2016;11/07/2016
FALE;TURMA DE APOIO PEDAGÓGICO I;-;-;30;Sexta;17:30;19:00;1/07/2016;11/07/2016
FALE;TURMA DE APOIO PEDAGÓGICO I;-;-;30;Terca;17:30;19:00;1/07/2016;11/07/2016
FALE;TURMA DE APOIO PEDAGÓGICO II;-;-;30;Quarta;17:30;19:00;1/07/2016;11/07/2016
FALE;TURMA DE APOIO PEDAGÓGICO II;-;-;30;Quinta;17:30;19:00;1/07/2016;11/07/2016
FALE;TURMA DE APOIO PEDAGÓGICO II;-;-;30;Segunda;17:30;19:00;1/07/2016;11/07/2016
FALE;TURMA DE APOIO PEDAGÓGICO II;-;-;30;Sexta;17:30;19:00;1/07/2016;11/07/2016
FALE;TURMA DE APOIO PEDAGÓGICO II;-;-;30;Terca;17:30;19:00;1/07/2016;11/07/2016
FAFICH;URBANIZAÇÃO E DINÂMICA URBANA;GEL059;TU;30;Quinta;20:50;22:30;1/07/2016;11/07/2016
FAFICH;URBANIZAÇÃO E DINÂMICA URBANA;GEL059;TU;30;Terca;20:50;22:30;1/07/2016;11/07/2016
ECI;USUÁRIOS DA INFORMAÇÃO;TGI004;TA1;50;Quarta;14:00;17:40;1/07/2016;11/07/2016
ECI;USUÁRIOS DA INFORMAÇÃO;TGI004;TB1;55;Terca;19:00;22:30;1/07/2016;11/07/2016
ECI;USUÁRIOS DA INFORMAÇÃO;TGI004;TC;43;Quarta;19:00;22:30;1/07/2016;11/07/2016
ENG;VIBRAÇÕES MECÂNICAS;EMA006;-;60;Quarta;19:50;22:35;1/07/2016;11/07/2016
ECI;VIVÊNCIA PROFISSIONAL SUPERVISIONADA EM MUSEOLOGIA B;ECI107;PM;30;Segunda;07:30;11:10;1/07/2016;11/07/2016
EBA;VULNERABILIDADE DE MATERIAIS A DEGRADAÇÃO;-;-;30;Segunda;09:30;12:00;1/07/2016;11/07/2016
ENG;AERODINÂMINCA DE ALTA VELOCIDADE;EMA236;EA;30;Quinta;13:00;14:40;1/07/2016;11/07/2016
ENG;AERODINÂMINCA DE ALTA VELOCIDADE;EMA236;EA;30;Terca;13:00;14:40;1/07/2016;11/07/2016
ENG;ALVENARIA ESTRUTURAL;ENG061;E;30;Quinta;9:25;11:05;1/07/2016;11/07/2016
ENG;ALVENARIA ESTRUTURAL;ENG061;E;30;Sexta;9:25;11:05;1/07/2016;11/07/2016
IGC;AMÉRICA LATINA;GEO277;N;40;Sexta;19:00;22:30;1/07/2016;11/07/2016
FAFICH;Análises Semióticas em Pub. Propaganda;COM339;MX;30;Quinta;8:00;11:40;1/07/2016;11/07/2016
ICB;ANATOMIA APLICADA À FISIOTERAPIA;MOF618;-;80;Segunda;9:00;10:30;1/07/2016;10/06/2016
ICB;ANATOMIA APLICADA À FISIOTERAPIA;MOF618;-;80;Terca;9:00;10:30;1/07/2016;10/06/2016
ECI;Apresentação de Trabalho Científico;OTI078;TA1;45;Quarta;7:30;11:10;1/07/2016;11/07/2016
ICB;Bases Ecol. Desenv. Sustentável (1º Bimestre);ICB001;R;100;Segunda;8:00;11:40;1/07/2016;11/07/2016
ICB;Biofísica aplic. Medicina;FIB007;B;87;Quarta;8:00;10:00;05/06/2016;11/07/2016
ICB;Biofísica aplic. Medicina;FIB007;B;87;Sexta;10:00;11:00;05/06/2016;11/07/2016
ICB;BIOLOGIA CELULAR;MOF052;-;120;Quinta;10:00;12:00;06/02/2016;05/06/2016
ICB;Biologia Molecular F;BIQ058;F1;110;Quinta;8:00;10:00;1/07/2016;11/07/2016
ICEX;Cálculo de Várias Variáveis;MAT042;TA;65;Quarta;7:30;9:10;1/07/2016;11/07/2016
ICEX;Cálculo de Várias Variáveis;MAT042;TA;65;Segunda;7:30;9:10;1/07/2016;11/07/2016
ICEX;Cálculo Diferencial e Integral II;MAT039;TA2;60;Quarta;7:30;9:10;1/07/2016;11/07/2016
ICEX;Cálculo Diferencial e Integral II;MAT039;TA2;60;Segunda;7:30;9:10;1/07/2016;11/07/2016
IGC;COLÓQUIOS;GEO372;N;30;Terca;19:00;22:30;1/07/2016;11/07/2016
ICB;COMUNICAÇÃO CELULAR E MEDIAÇÃO QUÍMICA;BIQ024;-;20;Terca;8:00;11:40;1/07/2016;11/07/2016
FAFICH;Comunicação e Política;COM055;MX;30;Quinta;7:30;11:10;1/07/2016;11/07/2016
FACE;Contabilidade das Instituições Públicas;CIC064;-;90;Quinta;19:00;20:40;1/07/2016;11/07/2016
FACE;Contabilidade das Instituições Públicas;CIC064;-;90;Terca;19:00;20:40;1/07/2016;11/07/2016
ENG;DESEMPENHO DE AERONAVES;EMA032;EA;30;Quinta;11:10;12:00;1/07/2016;11/07/2016
ENG;DESEMPENHO DE AERONAVES;EMA032;EA;30;Terca;11:10;12:00;1/07/2016;11/07/2016
FAE;DIDATICA DE LICENCIATURA;MTE101;B;40;Quinta;7:00;10:40;1/07/2016;11/07/2016
FAE;DIDATICA DE LICENCIATURA;MTE101;B1;40;Sexta;7:00;10:40;1/07/2016;11/07/2016
FAE;DIDATICA DE LICENCIATURA;MTE101;L;40;Segunda;19:00;22:30;1/07/2016;11/07/2016
FAE;DIDATICA DE LICENCIATURA;MTE101;M;40;Quarta;19:00;22:30;1/07/2016;11/07/2016
FAE;DIDÁTICA DE LICENCIATURA;MTE101;J;40;Terca;19:00;22:30;1/07/2016;11/07/2016
FAE;DIDÁTICA DE LICENCIATURA;MTE101;K1;40;Sexta;19:00;22:30;1/07/2016;11/07/2016
EEFFTO;Educação Física A;EFI601;-;45;Quinta;10:00;12:00;1/07/2016;11/07/2016
ENG;Engenharia de Recursos Hídricos;EHR018;H;40;Quinta;9:25;11:05;1/07/2016;11/07/2016
ENG;Engenharia de Recursos Hídricos;EHR018;H;40;Sexta;11:10;12:50;1/07/2016;11/07/2016
ENG;Ensaios em Aeronaves;EMA033;EA;30;Quinta;13:00;16:35;1/07/2016;11/07/2016
FAFICH;Estado Moderno e Capitalismo;DCP023;C;30;Quinta;9:30;11:10;1/07/2016;11/07/2016
FAFICH;Estado Moderno e Capitalismo;DCP023;C;30;Terca;9:30;11:10;1/07/2016;11/07/2016
VET;Estatistica aplicada à Med. Veterinária;VET028;T;90;Quarta;8:10;10:00;1/07/2016;11/07/2016
FALE;Estudos Temáticos de Língua e Linguística Inglesa: expressão oral;-;-;50;Quarta;19:00;20:40;1/07/2016;11/07/2016
FALE;Estudos Temáticos de Língua e Linguística Inglesa: expressão oral;-;-;50;Segunda;19:00;20:40;1/07/2016;11/07/2016
FAFICH;Ética Profissional Seminário;PSI019;-;30;Terca;7:30;11:00;1/07/2016;11/07/2016
IGC;Fitogeografia;GEO294;U;30;Quarta;7:30;11:10;1/07/2016;11/07/2016
ECI;Fundamentos da Ciência da Informação;TGI030;TM;56;Quinta;7:30;11:10;1/07/2016;11/07/2016
IGC;Geografia do Rural;GEO377;N;30;Quarta;19:00;22:30;1/07/2016;11/07/2016
IGC;Geografia e Educação;GEO201;U;30;Sexta;7:30;11:10;1/07/2016;11/07/2016
IGC;Geografia e Recursos Hídricos;GEO330;N;30;Quarta;19:00;22:30;1/07/2016;11/07/2016
ECI;Gestão da Informação e Conhecimento;TGI037;TA1;20;Segunda;14:00;17:40;1/07/2016;11/07/2016
ECI;Gestão de Unidades de Informação;TGI031;TA1;45;Quinta;7:30;11:10;1/07/2016;11/07/2016
FAFICH;HISTÓRIA SOCIAL DOS MEIOS;COM027;NX;30;Quarta;19:00;20:40;1/07/2016;11/07/2016
FAFICH;HISTÓRIA SOCIAL DOS MEIOS;COM027;NX;30;Segunda;19:00;20:40;1/07/2016;11/07/2016
ICEX;Iniciação à Estatística;EST184;TB;60;Quarta;9:25;11:05;1/07/2016;11/07/2016
ICEX;Iniciação à Estatística;EST184;TB;60;Segunda;9:25;11:05;1/07/2016;11/07/2016
ICEX;Iniciação à Estatística;EST184;TB;60;Sexta;9:25;11:05;1/07/2016;11/07/2016
ECI;Introdução à Biblioteconomia, Arquivologia e Museologia;OTI077;TA1;45;Segunda;14:00;17:30;1/07/2016;11/07/2016
ENG;INTRODUÇÃO À ENGENHARIA NUCLEAR I;ENU601;M;40;Segunda;9:25;11:55;1/07/2016;11/07/2016
ENG;INTRODUÇÃO À ENGENHARIA NUCLEAR I;ENU601;M;40;Terca;9:25;11:55;1/07/2016;11/07/2016
FAFICH;INTRODUÇÃO À FILOSOFIA: ÉTICA;FIL028;C;30;Quinta;9:30;11:10;1/07/2016;11/07/2016
FAFICH;INTRODUÇÃO À FILOSOFIA: ÉTICA;FIL028;C;30;Terca;9:30;11:10;1/07/2016;11/07/2016
FAFICH;INTRODUÇÃO À FILOSOFIA: FILOSOFIA DA CIÊNCIA E EPISTEMOLOGIA;FIL029;I;30;Quinta;9:30;11:10;1/07/2016;11/07/2016
FAFICH;INTRODUÇÃO À FILOSOFIA: FILOSOFIA DA CIÊNCIA E EPISTEMOLOGIA;FIL029;I;30;Terca;9:30;11:10;1/07/2016;11/07/2016
FAFICH;Introdução à Psicoterapia;PSI054;-;30;Quarta;7:30;11:00;1/07/2016;11/07/2016
EBA;Introdução às narrativas interativas;FTC212;A;30;Quarta;18:30;22:30;1/07/2016;11/07/2016
EBA;Introdução às narrativas interativas;FTC212;A;30;Quinta;18:30;22:30;1/07/2016;11/07/2016
EBA;Introdução às narrativas interativas;FTC212;A;30;Terca;18:30;22:30;1/07/2016;11/07/2016
FACE;Laboratório Contábil;CIC089;-;100;Terca;20:50;22:30;1/07/2016;11/07/2016
FACE;Laboratório Contábil;CIC089;-;100;Terca;20:50;22:30;1/07/2016;11/07/2016
FAFICH;Laboratório em Comunicação Social: Artes e Ofícios de saberes tradicionais;COM351;AOS;30;Quinta;14:00;16:50;1/07/2016;11/07/2016
FAFICH;Laboratório em Comunicação Social: Artes e Ofícios de saberes tradicionais;COM351;AOS;30;Terca;14:00;16:50;1/07/2016;11/07/2016
ICB;Microbiologia Aplicada a Odontologia;MIC028;O;95;Quarta;8:00;10:00;05/02/2016;11/07/2016
ICB;Microbiologia Aplicada a Odontologia;MIC028;O;95;Sexta;16:00;18:00;05/02/2016;11/07/2016
ICB;Microbiologia Aplicada a Preservação Bens Culturais;MIC024;A/B;40;Quinta;8:00;12:00;06/02/2016;11/07/2016
FACE;Microeconomia AI;ECN061;A;90;Quarta;9:20;11:00;1/07/2016;11/07/2016
FAFICH;MODERNIDADE E MUDANÇA SOCIAL;SOA050;R;30;Quarta;19:00;20:40;1/07/2016;11/07/2016
FAFICH;MODERNIDADE E MUDANÇA SOCIAL;SOA050;R;30;Segunda;19:00;20:40;1/07/2016;11/07/2016
ICB;Morfologia de Taxon. Espermatófitas;BOT013;R1/R2;55;Quinta;10:00;11:40;1/07/2016;11/07/2016
ICB;Morfologia de Taxon. Espermatófitas;BOT013;R1/R2;55;Sexta;10:00;11:40;1/07/2016;11/07/2016
ECI;Museografia II;ECI102;TM;46;Quarta;7:30;11:10;1/07/2016;11/07/2016
IGC;Oficina Integrada de Cartografia e Topografia;CRT013;U;40;Sexta;19:00;22:00;1/07/2016;11/07/2016
ICB;PARASTOLOGIA VETERINÁRIA;PAR601;V;75;Quinta;8:00;10:00;1/07/2016;11/07/2016
ICB;PARASTOLOGIA VETERINÁRIA;PAR601;V;75;Segunda;8:00;10:00;1/07/2016;11/07/2016
ICB;PARASTOLOGIA VETERINÁRIA;PAR601;V;75;Terca;8:00;10:00;1/07/2016;11/07/2016
ICB;Patologia Comparada;PAG004;R;70;Segunda;8:00;10:00;1/07/2016;11/07/2016
ICB;Patologia Geral;PAG001;A1;70;Segunda;8:00;10:00;1/07/2016;11/07/2016
ICB;Patologia Geral;PAG001;A2;70;Segunda;8:00;10:00;1/07/2016;11/07/2016
ECI;PLANEJAMENTO UNID. E SIST. DE INFORMAÇÃO;TGI035;TM;43;Quarta;7:30;11:10;1/07/2016;11/07/2016
FAE;POLITICA EDUCACIONAL;ADE003;J1;40;Sexta;19:00;22:30;1/07/2016;11/07/2016
FAE;POLITICA EDUCACIONAL;ADE003;K;40;Terca;19:00;22:30;1/07/2016;11/07/2016
FAE;POLÍTICA EDUCACIONAL;ADE003;L;40;Quarta;19:00;22:30;1/07/2016;11/07/2016
ICEX;Probabilidade e Processos Estocásticos;EST045;TA;60;Quarta;7:30;9:10;1/07/2016;11/07/2016
ICEX;Probabilidade e Processos Estocásticos;EST045;TA;60;Segunda;7:30;9:10;1/07/2016;11/07/2016
ICB;PROTOZOÁRIOS PARASITOS;PAR022;D;20;Terca;10:00;12:30;04/02/2016;11/07/2016
FAFICH;Psicologia aplicada à fisioterapia II;-;-;30;Segunda;7:30;11:00;1/07/2016;11/07/2016
FAE;PSICOLOGIA DA EDUCAÇÃO;CAE002;B;40;Segunda;7:00;10:40;1/07/2016;11/07/2016
FAE;PSICOLOGIA DA EDUCAÇÃO;CAE002;L1;40;Sexta;19:00;22:30;1/07/2016;11/07/2016
FAFICH;Psicologia do desenvolvimento;PSI610;-;30;Terca;7:30;11:00;1/07/2016;11/07/2016
FAFICH;Seminário de Projeto Experimental  Jorn. e RP;COM322;MX;30;Quarta;7:30;11:10;1/07/2016;11/07/2016
FAFICH;Seminário Interdisciplinar I;PSI055;-;30;Terca;7:30;11:00;1/07/2016;11/07/2016
FAFICH;SEMINÁRIO INTERDISCIPLINAR II SAÚDE E ENVELHECIMENTO;PSI056;-;30;Terca;7:30;11:00;1/07/2016;11/07/2016
FAFICH;SEMINÁRIO INTERDISCIPLINAR III: PSICOLOGIA E SAÚDE;PSI057;-;30;Terca;7:30;11:00;1/07/2016;11/07/2016
FACE;Sistema de Informações Contábeis;CIC061;-;100;Quarta;19:00;20:40;1/07/2016;11/07/2016
FACE;Sistema de Informações Contábeis;CIC061;-;100;Segunda;19:00;20:40;1/07/2016;11/07/2016
ENG;Sistemas de Informação em Indústria;EPD029;A;30;Quarta;9:25;11:05;1/07/2016;11/07/2016
ENG;Sistemas de Informação em Indústria;EPD029;A;30;Sexta;9:25;11:05;1/07/2016;11/07/2016
FAE;SOCILOGIA DA EDUCAÇÃO;CAE001;B;40;Quarta;7:00;10:40;1/07/2016;11/07/2016
FAE;SOCIOLOGIA DA EDUCAÇÃO;CAE001;K;40;Quarta;19:00;22:30;1/07/2016;11/07/2016
FAE;SOCIOLOGIA DA EDUCAÇÃO;CAE001;L;40;Terca;19:22;22:30;1/07/2016;11/07/2016
FAE;SOCIOLOGIA DA EDUCAÇÃO;CAE001;M;40;Quinta;19:00;22:30;1/07/2016;11/07/2016
FAE;SOCIOLOGIA DA EDUCAÇÃO;CAE001;M1;40;Sexta;19:00;22:30;1/07/2016;11/07/2016
FAFICH;Técnicas, Processos e Linguagem da Publicidade;COM085;MX;30;Terca;7:30;11:10;1/07/2016;11/07/2016
IGC;TEG: Geografia Aplicada a Analise Ambiental;GEO204;N2;30;Terca;19:00;22:30;1/07/2016;11/07/2016
IGC;TEG: Pedogeomorfologia;GEO204;N1;30;Segunda;19:00;22:30;1/07/2016;11/07/2016
ENG;TEORIA DAS ESTRUTURAS APLIC. AOS AVIÕES I;EMA233;EA;30;Quinta;7:30;10:15;1/07/2016;11/07/2016
ENG;TEORIA DAS ESTRUTURAS APLIC. AOS AVIÕES I;EMA233;EA;30;Terca;7:30;9:10;1/07/2016;11/07/2016
ENG;Teoria das Estruturas Aplicada Aos Aviões II;EMA234;EA;30;Quinta;9:25;12:00;1/07/2016;11/07/2016
ENG;Teoria das Estruturas Aplicada Aos Aviões II;EMA234;EA;30;Terca;9:25;12:00;1/07/2016;11/07/2016
ENG;TÓP. EM GESTÃO DA PRODUÇÃO: DESIGN PARA MANUFATURA;EPD048;-;30;Quinta;9:25;11:05;1/07/2016;11/07/2016
ENG;TÓP. EM GESTÃO DA PRODUÇÃO: DESIGN PARA MANUFATURA;EPD048;-;30;Terca;9:25;11:05;1/07/2016;11/07/2016
ECI;Tóp. Em Ontologias D (Aplicações em ontologias);ECI046;TB1;31;Terca;19:00;22:30;1/07/2016;11/07/2016
ECI;Tópicos Catalog. Classificação Informação D (Catalogação Descritiva);OTI099;TA1;27;Sexta;7:30;11:10;1/07/2016;11/07/2016
ECI;Tópicos em conhecimento Museal e Difusão Cultural D: Objetos Museológicos e cultura material (Optativa);ECI122;TM;43;Sexta;7:30;11:10;1/07/2016;11/07/2016
ECI;Tópicos em Gestão de Unidades de Informação D (Teoria da terminologia aplicada);TGI057;TB1;31;Quarta;19:00;22:30;1/07/2016;11/07/2016
ECI;Tópicos em Gestão Informação Conhecimento D (Fontes de Informação jurídica);TGI053;TCB2;46;Sexta;19:00;22:30;1/07/2016;11/07/2016
ECI;Tópicos em Gestão Informação Conhecimento D (Filosofia e ética da informação);TGI053;TB1;31;Quarta;19:00;22:30;1/07/2016;11/07/2016
ECI;Tópicos em Gestão Informação Conhecimento D (Pesquisa de Informação Científica: estratégias e fontes;TGI053;TA1;21;Quarta;14:00;17:40;1/07/2016;11/07/2016
FAFICH;TÓPICOS EM HISTÓRIA DA CIÊNCIA;HIS239;A;30;Quarta;19:00;20:40;1/07/2016;11/07/2016
FAFICH;TÓPICOS EM HISTÓRIA DA CIÊNCIA;HIS239;A;30;Segunda;19:00;20:40;1/07/2016;11/07/2016
ECI;Tópicos em Informação e Cultura D (Arquitetura da Informação e Acessibilidade Digital);TGI061;TA3;21;Terca;14:00;17:40;1/07/2016;11/07/2016
ECI;Tópicos em Informação e Cultura D (Produção Cultural: Questões sobre Gestão e Curadoria);TGI061;TA2;27;Segunda;7:30;11:10;1/07/2016;11/07/2016
ECI;Tópicos em informação e cultura D: Design Gráfico: Fundamentos básicos;TGI061;TM4;43;Sexta;7:30;11:10;1/07/2016;11/07/2016
ECI;Tópicos em Informação e cultura D: Museu, Espaço e Poder*(Optativa);TGI061;TM2;46;Sexta;7:30;11:10;1/07/2016;11/07/2016
ECI;Tópicos em Informação e Cultura D: Paleografia* (Optativa);TGI061;TBM1;43;Sexta;7:30;11:10;1/07/2016;11/07/2016
ECI;Tópicos em informação e cultura D: Patrimônio Cultural e Identidades* (Optativa);TGI061;TM3;46;Quinta;7:30;11:10;1/07/2016;11/07/2016
ECI;Tópicos em museografia D: Computação Gráfica Aplicada à Museologia* (Optativa);ECI138;TM1;46;Quinta;7:30;11:10;1/07/2016;11/07/2016
ECI;Tópicos em serviços para comunidades especificas B (Biblioteca Escolar e aprendizagem);OTI105;TB1;32;Sexta;19:00;22:30;1/07/2016;11/07/2016
ECI;Tópicos em Usuários da Informação D (Biblioteca Escolar e Literatura Infanto Juvenil);TGI065;TA1;27;Segunda;7:30;11:10;1/07/2016;11/07/2016
FAFICH;Tópicos Especiais em Processos Clínicos: Introdução a Gestalt-terapia II;PSI069;A1;30;Quarta;7:30;11:00;1/07/2016;11/07/2016
FAFICH;Tópicos Especiais em Processos Psicossociais: Memória Social;PSI324;A;30;Quinta;7:30;11:00;1/07/2016;11/07/2016
FAFICH;Tópicos especiais em psicologia Clínica: Comportamento Verbal;PSI079;-;30;Terca;7:30;11:00;1/07/2016;11/07/2016
FAFICH;Tópicos Especiais em Psicologia do Desenvolvimento: Orientação Profissional;PSI074;A;30;Quinta;7:30;11:00;1/07/2016;11/07/2016
FAFICH;Tópicos Especiais em Psicologia Social: Violência de gênero e raça;PSI071;-;30;Sexta;7:30;11:00;1/07/2016;11/07/2016
FAFICH;Tópicos Especiais em Psicologia Social: Psicologia das Emergências;PSI071;-;30;Quarta;7:30;11:10;1/07/2016;11/07/2016
ECI;Tópicos Gestão da Informação Conhecimento D (Comportamento Empreendedor)* - 2 BIM;TGI051;TA1;21;Terca;14:00;17:40;15/04/2016;10/06/2016
ICB;Tópicos I: Genomas: Organização e Evolução ( 2°Bimestre );ICB054;R;30;Terca;8:00;11:40;08/04/2016;3/06/2016
ICB;Tópicos IV: Introdução à Ciência de Animais de Laboratório ( 2° Bimestre);ICB057;R;20;Terca;8:00;11:40;1/07/2016;11/07/2016
IGC;Topicos Planej. Turismo I: Planejamento Rot. Interpretativos;GEO047;T5;30;Quarta;13:30;17:10;1/07/2016;11/07/2016
ECI;Tópicos Serviços Comunidades Específicas D (Acesso Aberto e Representação da Informação em acervos especiais na Web);OTI107;TB1;31;Segunda;19:00;22:30;1/07/2016;11/07/2016
ECI;Tópicos Serviços Comunidades Específicas D (Acesso Aberto E Representação da Informação em acervos especiais na Web);OTI107;TA1;21;Quinta;14:00;17:40;1/07/2016;11/07/2016
FAFICH;Tópicos Teoria Psicológica Contemporânea: Introdução a Psicologia Fenomenológica;PSI604;A2;30;Terca;7:30;11:00;1/07/2016;11/07/2016
ECI;Tópicos Uso da Tecnologia Org. Trat. Da Informação D (Arquitetura da Informação em Repositórios Digitais);OTI111;TA2;21;Segunda;14:00;17:40;1/07/2016;11/07/2016
ECI;Tópicos Uso da Tecnologia Org. Trat. Da Informação D (Construção de Bibliotecas Digitais usando o Dspace);OTI111;TA3;21;Sexta;14:00;17:40;1/07/2016;11/07/2016
ECI;Tópicos Uso da Tecnologia Org. Trat. Da Informação D (Modelagem conceitual a partir dos princípios de Ranganathan);OTI111;TA1;21;Terca;14:00;17:40;1/07/2016;11/07/2016
ENG;Transportes Cargas e Logística Integrada;ETG038;T;30;Quinta;9:25;11:05;1/07/2016;11/07/2016
ENG;Transportes Cargas e Logística Integrada;ETG038;T;30;Terca;9:25;11:05;1/07/2016;11/07/2016
IGC;Turismo Cultural;GEO049;T;30;Segunda;8:00;11:40;1/07/2016;11/07/2016
ECI;Vivência Profissional Supervisionada em Museologia B;ECI107;PM;46;Terca;7:30;11:10;1/07/2016;11/07/2016
